{
  "format_version": "1.14.0",
  "render_controllers": {
    "controller.render.dinotrinta": {
	  "arrays": {
	    "textures": {
		  "Array.skins": [
          "Texture.a",
      "Texture.ab",
      "Texture.ac",
      "Texture.ad",
      "Texture.ae",
      "Texture.b",
      "Texture.bb",
      "Texture.bc",
      "Texture.bd",
      "Texture.be",
      "Texture.c",
      "Texture.cb",
      "Texture.cc",
      "Texture.cd",
      "Texture.ce",
      "Texture.d",
      "Texture.db",
      "Texture.dc",
      "Texture.dd",
      "Texture.de",
      "Texture.e",
      "Texture.eb",
      "Texture.ec",
      "Texture.ed",
      "Texture.ee",
      "Texture.f",
      "Texture.fb",
      "Texture.fc",
      "Texture.fd",
      "Texture.fe"
		  ]
		}
	  },
      "geometry": "Geometry.default",
      "materials": [ { "*": "Material.default" } ],
      "textures": [ "Array.skins[query.variant]" ]
    }
  }
}
