{
  "format_version": "1.14.0",
  "render_controllers": {
    "controller.render.dinodez": {
	  "arrays": {
	    "textures": {
		  "Array.skins": [
          "Texture.a",
      "Texture.b",
      "Texture.c",
      "Texture.d",
      "Texture.e",
      "Texture.f",
      "Texture.g",
      "Texture.h",
      "Texture.i",
      "Texture.j"
		  ]
		}
	  },
      "geometry": "Geometry.default",
      "materials": [ { "*": "Material.default" } ],
      "textures": [ "Array.skins[query.variant]" ]
    }
  }
}
