{
  "format_version": "1.10.0",
  "minecraft:client_entity": {
    "description": {
      "identifier": "jp:ingensucho",
      "textures": {
                "a": "textures/entity/para/s1",
        "ab": "textures/entity/para/s2",
        "ac": "textures/entity/para/s1",
        "ad": "textures/entity/para/s1",
        "ae": "textures/entity/para/s2",
        "b": "textures/entity/para/s2",
        "bb": "textures/entity/para/s2",
        "bc": "textures/entity/para/s1",
        "bd": "textures/entity/para/s2",
        "be":"textures/entity/para/s1",
        "c": "textures/entity/para/s1",
        "cb": "textures/entity/para/s2",
        "cc": "textures/entity/para/s2",
        "cd": "textures/entity/para/s1",
        "ce": "textures/entity/para/s2",
        "d": "textures/entity/para/s1",
        "db": "textures/entity/para/s1",
        "dc": "textures/entity/para/s1",
        "dd": "textures/entity/para/s2",
        "de":"textures/entity/para/s1",
        "e": "textures/entity/para/s2",
        "eb": "textures/entity/para/s1",
        "ec": "textures/entity/para/s2",
        "ed": "textures/entity/para/s1",
        "ee": "textures/entity/para/s2",
        "f": "textures/entity/para/s1",
        "fb": "textures/entity/para/s2",
        "fc": "textures/entity/para/s1",
        "fd": "textures/entity/para/s2",
        "fe":"textures/entity/para/s1"
      },
      "materials": {
        "default": "skeleton"
      }, 
      "geometry": {
        "default": "geometry.suchomasrani"
      },
      "render_controllers": [
        "controller.render.dinotrinta"
      ], 
			"spawn_egg": {
				"base_color": "#415c77",
				"overlay_color": "#c0b180"
			},
      "animations": {
        "move": "animation.suchomasrani.move",
        "setup": "animation.suchomasrani.setup",
        "look_at_target": "animation.common.look_at_target",
        "idle": "animation.suchomasrani.setup",
     "roar":"animation.suchomasrani.casting",
        "sit": "animation.suchomasrani.rest",
        "dead": "animation.huang.dead", 
        "sleep": "animation.suchomasrani.sleep",
        "drink": "animation.huang.drink", 
        "root": "controller.animation.subaquatic.root",
        "attack": "animation.suchomasrani.attack",
        "swin": "animation.suchomasrani.swin"
      }, 
      "scripts": {
        "pre_animation": 
            [ 
            "variable.tail = query.ground_speed == 0 ? Math.cos(query.anim_time * 150) *  5.0 : Math.sin(-query.yaw_speed) * 10;",
            "variable.tail1 = query.ground_speed == 0 ? Math.cos(query.anim_time * 100) *  5.0 : Math.sin(-query.yaw_speed) * 10;",
            "variable.tail2 = query.ground_speed == 0 ? Math.cos(query.anim_time * 80) *  5.0 : Math.sin(-query.yaw_speed) * 10;",
            "variable.tail3 = query.ground_speed == 0 ? Math.cos(query.anim_time * 60) *  5.0 : Math.sin(-query.yaw_speed) * 10;",
            "variable.tail4 = query.ground_speed == 0 ? Math.cos(query.anim_time * 50) *  5.0 : Math.sin(-query.yaw_speed) * 10;",
            "variable.tail5 = query.ground_speed == 0 ? Math.cos(query.anim_time * 20) *  5.0 : Math.sin(-query.yaw_speed) * 10;",
            "variable.tail6 = query.ground_speed == 0 ? Math.cos(query.anim_time * 10) *  5.0 : Math.sin(-query.yaw_speed) * 10;",
            "variable.tail7 = query.ground_speed == 0 ? Math.cos(query.anim_time * 10) *  5.0 : Math.sin(-query.yaw_speed) * 10;",
            "variable.tail8 = query.ground_speed == 0 ? Math.cos(query.anim_time * 10) *  5.0 : Math.sin(-query.yaw_speed) * 10;",
            "variable.neck = query.ground_speed == 0 ? Math.cos(query.anim_time * 150) *  5.0 : Math.sin(-query.yaw_speed) * 10;",
            "variable.neck2 = query.ground_speed == 0 ? Math.cos(query.anim_time * 80) *  5.0 : Math.sin(-query.yaw_speed) * 10;"
            ],    
        "animate": [
          "root", 
        { "move": "query.modified_move_speed" }
        ]
      }
    } 
  }
}