{
  "format_version": "1.16.0",
  "minecraft:client_entity": {
    "description": {
      "identifier": "jp:ingenp",
      "textures": {
        "a": "textures/entity/para/p1",
        "ab": "textures/entity/para/p2",
        "ac": "textures/entity/para/p3",
        "ad": "textures/entity/para/p4",
        "ae": "textures/entity/para/p5",
        "b": "textures/entity/para/p6",
        "bb": "textures/entity/para/p7",
        "bc": "textures/entity/para/p8",
        "bd": "textures/entity/para/p9",
        "be":"textures/entity/para/p10",
        "c": "textures/entity/para/p11",
        "cb": "textures/entity/para/p12",
        "cc": "textures/entity/para/p13",
        "cd": "textures/entity/para/p14",
        "ce": "textures/entity/para/p15",
        "d": "textures/entity/para/p16",
        "db": "textures/entity/para/p1",
        "dc": "textures/entity/para/p2",
        "dd": "textures/entity/para/p3",
        "de":"textures/entity/para/p4",
        "e": "textures/entity/para/p5",
        "eb": "textures/entity/para/p6",
        "ec": "textures/entity/para/p7",
        "ed": "textures/entity/para/p8",
        "ee": "textures/entity/para/p9",
        "f": "textures/entity/para/p10",
        "fb": "textures/entity/para/p11",
        "fc": "textures/entity/para/p12",
        "fd": "textures/entity/para/p13",
        "fe":"textures/entity/para/p14"
      },
      "materials": {
        "default": "skeleton"
      }, 
      "geometry": {
        "default": "geometry.ingenp"
      },
      "render_controllers": [
        "controller.render.dinotrinta"
      ], 
			"spawn_egg": {
				"base_color": "#85a33c",
				"overlay_color": "#af4139"
			},
      "animations": {
        "move": "animation.ingenp.move",
        "setup": "animation.ingenp.setup",
        "look_at_target": "animation.common.look_at_target",
        "idle": "animation.ingenp.setup",
        "roar": "animation.ingenp.casting",
        "rest": "animation.ingenp.rest",
        "dead": "animation.braq.dead", 
        "sleep": "animation.ingenp.sleep",
        "drink": "animation.braq.drink", 
        "root": "controller.animation.ellie.root",
        "attack": "animation.ingenp.attack"
      }, 
      "scripts": {
        "pre_animation": 
            [ 
            "variable.tail = query.ground_speed == 0 ? Math.cos(query.anim_time * 150) *  5.0 : Math.sin(-query.yaw_speed) * 10;",
            "variable.tail1 = query.ground_speed == 0 ? Math.cos(query.anim_time * 100) *  5.0 : Math.sin(-query.yaw_speed) * 10;",
            "variable.tail2 = query.ground_speed == 0 ? Math.cos(query.anim_time * 80) *  5.0 : Math.sin(-query.yaw_speed) * 10;",
            "variable.tail3 = query.ground_speed == 0 ? Math.cos(query.anim_time * 60) *  5.0 : Math.sin(-query.yaw_speed) * 10;",
            "variable.tail4 = query.ground_speed == 0 ? Math.cos(query.anim_time * 50) *  5.0 : Math.sin(-query.yaw_speed) * 10;",
            "variable.tail5 = query.ground_speed == 0 ? Math.cos(query.anim_time * 20) *  5.0 : Math.sin(-query.yaw_speed) * 10;",
            "variable.tail6 = query.ground_speed == 0 ? Math.cos(query.anim_time * 10) *  5.0 : Math.sin(-query.yaw_speed) * 10;",
            "variable.tail7 = query.ground_speed == 0 ? Math.cos(query.anim_time * 10) *  5.0 : Math.sin(-query.yaw_speed) * 10;",
            "variable.tail8 = query.ground_speed == 0 ? Math.cos(query.anim_time * 10) *  5.0 : Math.sin(-query.yaw_speed) * 10;",
            "variable.neck = query.ground_speed == 0 ? Math.cos(query.anim_time * 150) *  5.0 : Math.sin(-query.yaw_speed) * 10;",
            "variable.neck2 = query.ground_speed == 0 ? Math.cos(query.anim_time * 80) *  5.0 : Math.sin(-query.yaw_speed) * 10;"
            ],    
        "animate": [
          "root", 
        { "move": "query.modified_move_speed" }
        ]
      }
    } 
  }
}