{
  "format_version": "1.16.0",
  "minecraft:client_entity": {
    "description": {
      "identifier": "jp:ingenb",
      "textures": {
        "a": "textures/entity/brachi/brachiojp1",
        "b": "textures/entity/brachi/brachiojp3",
        "c": "textures/entity/brachi/brachiojp3female",
        "d": "textures/entity/brachi/brachiojw",
        "e": "textures/entity/brachi/brachioingen",
        "f": "textures/entity/brachi/brachiojp3female",
        "g": "textures/entity/brachi/brachiojp3",
        "h": "textures/entity/brachi/brachiojp1",
        "i": "textures/entity/brachi/brachiojw",
        "j":"textures/entity/brachi/brachioingen"
      },
      "materials": {
        "default": "skeleton"
      }, 
      "geometry": {
        "default": "geometry.brachioingen"
      },
      "render_controllers": [
        "controller.render.dinodez"
      ], 
			"spawn_egg": {
				"base_color": "#4c4b47",
				"overlay_color": "#9a846d"
			},
      "animations": {
        "move": "animation.brachioingen.move",
        "setup": "animation.brachioingen.setup",
        "look_at_target": "animation.common.look_at_target",
        "idle": "animation.brachioingen.setup",
        "roar": "animation.brachioingen.casting",
        "rest": "animation.brachioingen.rest",
        "dead": "animation.braq.dead", 
        "sleep": "animation.brachioingen.sleep",
        "drink": "animation.braq.drink", 
        "root": "controller.animation.ellie.root",
        "attack": "animation.brachioingen.attack"
      }, 
      "scripts": {
        "pre_animation": 
            [ 
            "variable.tail = query.ground_speed == 0 ? Math.cos(query.anim_time * 150) *  5.0 : Math.sin(-query.yaw_speed) * 10;",
            "variable.tail1 = query.ground_speed == 0 ? Math.cos(query.anim_time * 100) *  5.0 : Math.sin(-query.yaw_speed) * 10;",
            "variable.tail2 = query.ground_speed == 0 ? Math.cos(query.anim_time * 80) *  5.0 : Math.sin(-query.yaw_speed) * 10;",
            "variable.tail3 = query.ground_speed == 0 ? Math.cos(query.anim_time * 60) *  5.0 : Math.sin(-query.yaw_speed) * 10;",
            "variable.tail4 = query.ground_speed == 0 ? Math.cos(query.anim_time * 50) *  5.0 : Math.sin(-query.yaw_speed) * 10;",
            "variable.tail5 = query.ground_speed == 0 ? Math.cos(query.anim_time * 20) *  5.0 : Math.sin(-query.yaw_speed) * 10;",
            "variable.tail6 = query.ground_speed == 0 ? Math.cos(query.anim_time * 10) *  5.0 : Math.sin(-query.yaw_speed) * 10;",
            "variable.tail7 = query.ground_speed == 0 ? Math.cos(query.anim_time * 10) *  5.0 : Math.sin(-query.yaw_speed) * 10;",
            "variable.tail8 = query.ground_speed == 0 ? Math.cos(query.anim_time * 10) *  5.0 : Math.sin(-query.yaw_speed) * 10;",
            "variable.neck = query.ground_speed == 0 ? Math.cos(query.anim_time * 150) *  5.0 : Math.sin(-query.yaw_speed) * 10;",
            "variable.neck2 = query.ground_speed == 0 ? Math.cos(query.anim_time * 80) *  5.0 : Math.sin(-query.yaw_speed) * 10;"
            ],    
        "animate": [
          "root", 
        { "move": "query.modified_move_speed" }
        ]
      }
    } 
  }
}