{
	"format_version": "1.8.0",
	"animations": {
		"animation.brachioingen.move": {
			"loop": true,
			"animation_length": 2.08,
			"bones": {
				"bone": {
					"rotation": {
						"0.0": [-5, 0, 0],
						"1.04": [-2.5, 0, 0],
						"2.08": [-5, 0, 0]
					},
					"position": {
						"0.0": [0, 0, 8],
						"1.04": [0, -4.3, 5.6],
						"2.08": [0, 0, 8]
					}
				},
				"bone2": {
					"rotation": {
						"0.0": [2.5, 0, 0],
						"1.04": [5, 0, 0],
						"2.08": [2.5, 0, 0]
					}
				},
				"bone3": {
					"rotation": {
						"0.0": [7.5, -5, 0],
						"1.04": [2.5, 2.5, 0],
						"2.08": [7.5, -5, 0]
					},
					"position": {
						"0.0": [1.2, -0.6, -1],
						"1.04": [-0.5, 0.9, -1],
						"2.08": [1.2, -0.6, -1]
					}
				},
				"bone4": {
					"rotation": {
						"0.0": [0, -5, 0],
						"1.04": [0, 2.5, 0],
						"2.08": [0, -5, 0]
					}
				},
				"bone5": {
					"rotation": {
						"0.0": [0, -7.5, 0],
						"1.04": [0, 7.5, 0],
						"2.08": [0, -7.5, 0]
					}
				},
				"bone6": {
					"rotation": {
						"0.0": [0, -7.5, 0],
						"1.04": [0, 5, 0],
						"2.08": [0, -7.5, 0]
					},
					"position": {
						"0.0": [0.5, 0, 0],
						"1.04": [-0.3, 0, 0],
						"2.08": [0.5, 0, 0]
					}
				},
				"bone7": {
					"rotation": {
						"0.0": [0, -7.5, 0],
						"1.04": [0, 2.5, 0],
						"2.08": [0, -7.5, 0]
					},
					"position": {
						"0.0": [0.6, 0, 0],
						"1.04": [-0.2, 0, 0],
						"2.08": [0.6, 0, 0]
					}
				},
				"bone9": {
					"rotation": {
						"0.0": [-20, 0, 0],
						"1.04": [12.5, 0, 0],
						"2.08": [-20, 0, 0]
					},
					"position": {
						"0.0": [0, 0, -9],
						"1.04": [0, 0, 4.8],
						"2.08": [0, 0, -9]
					}
				},
				"bone13": {
					"rotation": {
						"0.0": [7.5, 0, 0],
						"1.04": [-27.5, 0, 0],
						"2.08": [7.5, 0, 0]
					},
					"position": {
						"0.0": [0, 0, 4],
						"1.04": [0, 1.3, -12.3],
						"2.08": [0, 0, 4]
					}
				},
				"bone17": {
					"rotation": {
						"0.0": [20, 0, 0],
						"1.04": [-20, 0, 0],
						"2.08": [20, 0, 0]
					},
					"position": {
						"0.0": [0, 0, 5],
						"1.04": [0, 0, -4],
						"2.08": [0, 0, 5]
					}
				},
				"bone18": {
					"rotation": {
						"0.0": [0, 0, 0],
						"1.04": [-10, 0, 0],
						"2.08": [0, 0, 0]
					},
					"position": {
						"0.0": [0, 0, 0],
						"1.04": [0, 0, 0.7],
						"2.08": [0, 0, 0]
					}
				},
				"bone19": {
					"rotation": {
						"0.0": [0, 0, 0],
						"1.04": [-2.5, 0, 0],
						"2.08": [0, 0, 0]
					},
					"position": {
						"0.0": [0, 0, 0],
						"1.04": [0, 0, 0.2],
						"2.08": [0, 0, 0]
					}
				},
				"bone20": {
					"rotation": {
						"0.0": [-2.5, 0, 0],
						"1.04": [27.5, 0, 0],
						"2.08": [-2.5, 0, 0]
					},
					"position": {
						"0.0": [0, 0.6, 0.2],
						"1.04": [0, -4, -5.3],
						"2.08": [0, 0.6, 0.2]
					}
				},
				"bone21": {
					"rotation": {
						"0.0": [-15, 0, 0],
						"1.04": [15, 0, 0],
						"2.08": [-15, 0, 0]
					},
					"position": {
						"0.0": [0, 2, -6.2],
						"1.04": [0, -0.2, 6],
						"2.08": [0, 2, -6.2]
					}
				},
				"bone22": {
					"rotation": {
						"0.0": [-17.5, 0, 0],
						"1.04": [-17.5, 0, 0],
						"2.08": [-17.5, 0, 0]
					},
					"position": {
						"0.0": [0, 0, -2.7],
						"1.04": [0, 0, -2.7],
						"2.08": [0, 0, -2.7]
					}
				},
				"bone23": {
					"rotation": {
						"0.0": [7.5, 0, 0],
						"1.04": [17.5, 0, 0],
						"2.08": [7.5, 0, 0]
					},
					"position": {
						"0.0": [0, -0.4, 0.9],
						"1.04": [0, 0.1, 1.9],
						"2.08": [0, -0.4, 0.9]
					}
				},
				"bone24": {
					"rotation": {
						"0.0": [30, 0, 0],
						"1.04": [-10, 0, 0],
						"2.08": [30, 0, 0]
					},
					"position": {
						"0.0": [0, -3.9, -2.2],
						"1.04": [0, 0.9, 1.3],
						"2.08": [0, -3.9, -2.2]
					}
				}
			}
		},
		"animation.brachioingen.setup": {
			"loop": true,
			"animation_length": 2.08,
			"bones": {
				"bone": {
					"rotation": {
						"0.0": [-5, 0, 0],
						"1.04": [-2.5, 0, 0],
						"2.08": [-5, 0, 0]
					},
					"position": {
						"0.0": [0, 0, 8],
						"1.04": [0, -4.3, 5.6],
						"2.08": [0, 0, 8]
					}
				},
				"bone2": {
					"rotation": {
						"0.0": [2.5, 0, 0],
						"1.04": [5, 0, 0],
						"2.08": [2.5, 0, 0]
					}
				},
				"bone3": {
					"rotation": {
						"0.0": [7.5, -5, 0],
						"1.04": [2.5, 2.5, 0],
						"2.08": [7.5, -5, 0]
					},
					"position": {
						"0.0": [1.2, -0.6, -1],
						"1.04": [-0.5, 0.9, -1],
						"2.08": [1.2, -0.6, -1]
					}
				},
				"bone4": {
					"rotation": {
						"0.0": [0, -5, 0],
						"1.04": [0, 2.5, 0],
						"2.08": [0, -5, 0]
					}
				},
				"bone5": {
					"rotation": {
						"0.0": [0, -7.5, 0],
						"1.04": [0, 7.5, 0],
						"2.08": [0, -7.5, 0]
					}
				},
				"bone6": {
					"rotation": {
						"0.0": [0, -7.5, 0],
						"1.04": [0, 5, 0],
						"2.08": [0, -7.5, 0]
					},
					"position": {
						"0.0": [0.5, 0, 0],
						"1.04": [-0.3, 0, 0],
						"2.08": [0.5, 0, 0]
					}
				},
				"bone7": {
					"rotation": {
						"0.0": [0, -7.5, 0],
						"1.04": [0, 2.5, 0],
						"2.08": [0, -7.5, 0]
					},
					"position": {
						"0.0": [0.6, 0, 0],
						"1.04": [-0.2, 0, 0],
						"2.08": [0.6, 0, 0]
					}
				}
			}
		},
		"animation.brachioingen.rest": {
			"loop": true,
			"animation_length": 2.08,
			"bones": {
				"bone": {
					"rotation": {
						"0.0": [-5, 0, 0],
						"1.04": [-2.5, 0, 0],
						"2.08": [-5, 0, 0]
					},
					"position": {
						"0.0": [0, 0, 8],
						"1.04": [0, -4.3, 5.6],
						"2.08": [0, 0, 8]
					}
				},
				"bone2": {
					"rotation": {
						"0.0": [2.5, 0, 0],
						"1.04": [5, 0, 0],
						"2.08": [2.5, 0, 0]
					}
				},
				"bone3": {
					"rotation": {
						"0.0": [7.5, -5, 0],
						"1.04": [2.5, 2.5, 0],
						"2.08": [7.5, -5, 0]
					},
					"position": {
						"0.0": [1.2, -0.6, -1],
						"1.04": [-0.5, 0.9, -1],
						"2.08": [1.2, -0.6, -1]
					}
				},
				"bone4": {
					"rotation": {
						"0.0": [0, -5, 0],
						"1.04": [0, 2.5, 0],
						"2.08": [0, -5, 0]
					}
				},
				"bone5": {
					"rotation": {
						"0.0": [0, -7.5, 0],
						"1.04": [0, 7.5, 0],
						"2.08": [0, -7.5, 0]
					}
				},
				"bone6": {
					"rotation": {
						"0.0": [0, -7.5, 0],
						"1.04": [0, 5, 0],
						"2.08": [0, -7.5, 0]
					},
					"position": {
						"0.0": [0.5, 0, 0],
						"1.04": [-0.3, 0, 0],
						"2.08": [0.5, 0, 0]
					}
				},
				"bone7": {
					"rotation": {
						"0.0": [0, -7.5, 0],
						"1.04": [0, 2.5, 0],
						"2.08": [0, -7.5, 0]
					},
					"position": {
						"0.0": [0.6, 0, 0],
						"1.04": [-0.2, 0, 0],
						"2.08": [0.6, 0, 0]
					}
				},
				"bone25": {
					"position": [0, -18, 0]
				},
				"bone9": {
					"rotation": [-60, 0, 0],
					"position": [0, 16, -29]
				},
				"bone13": {
					"rotation": [-70, 0, 0],
					"position": [0, 17, -27]
				},
				"bone17": {
					"rotation": [70, 0, 0],
					"position": [0, 10, 18]
				},
				"bone21": {
					"rotation": [62.5, 0, 0],
					"position": [0, 10, 20]
				}
			}
		},
		"animation.brachioingen.sleep": {
			"loop": true,
			"animation_length": 2.08,
			"bones": {
				"bone": {
					"rotation": {
						"0.0": [-5, 0, 0],
						"1.04": [-2.5, 0, 0],
						"2.08": [-5, 0, 0]
					},
					"position": {
						"0.0": [0, 0, 8],
						"1.04": [0, -4.3, 5.6],
						"2.08": [0, 0, 8]
					}
				},
				"bone2": {
					"rotation": {
						"0.0": [2.5, 0, 0],
						"1.04": [5, 0, 0],
						"2.08": [2.5, 0, 0]
					}
				},
				"bone3": {
					"rotation": {
						"0.0": [7.5, -5, 0],
						"1.04": [2.5, 2.5, 0],
						"2.08": [7.5, -5, 0]
					},
					"position": {
						"0.0": [1.2, -0.6, -1],
						"1.04": [-0.5, 0.9, -1],
						"2.08": [1.2, -0.6, -1]
					}
				},
				"bone4": {
					"rotation": {
						"0.0": [0, -5, 0],
						"1.04": [0, 2.5, 0],
						"2.08": [0, -5, 0]
					}
				},
				"bone5": {
					"rotation": {
						"0.0": [0, -7.5, 0],
						"1.04": [0, 7.5, 0],
						"2.08": [0, -7.5, 0]
					}
				},
				"bone6": {
					"rotation": {
						"0.0": [0, -7.5, 0],
						"1.04": [0, 5, 0],
						"2.08": [0, -7.5, 0]
					},
					"position": {
						"0.0": [0.5, 0, 0],
						"1.04": [-0.3, 0, 0],
						"2.08": [0.5, 0, 0]
					}
				},
				"bone7": {
					"rotation": {
						"0.0": [0, -7.5, 0],
						"1.04": [0, 2.5, 0],
						"2.08": [0, -7.5, 0]
					},
					"position": {
						"0.0": [0.6, 0, 0],
						"1.04": [-0.2, 0, 0],
						"2.08": [0.6, 0, 0]
					}
				},
				"bone25": {
					"position": [0, -18, 0]
				},
				"bone9": {
					"rotation": [-60, 0, 0],
					"position": [0, 16, -29]
				},
				"bone13": {
					"rotation": [-70, 0, 0],
					"position": [0, 17, -27]
				},
				"bone17": {
					"rotation": [70, 0, 0],
					"position": [0, 10, 18]
				},
				"bone21": {
					"rotation": [62.5, 0, 0],
					"position": [0, 10, 20]
				}
			}
		},
		"animation.brachioingen.casting": {
			"animation_length": 1.04,
			"bones": {
				"bone": {
					"rotation": {
						"0.0": [-17.5, 0, 0],
						"1.04": [5, 0, 0]
					},
					"position": {
						"0.0": [0, 0, 30.5],
						"1.04": [0, -4.7, -4.5]
					}
				}
			}
		},
		"animation.brachioingen.casting2": {
			"animation_length": 2.08,
			"bones": {
				"bone": {
					"rotation": {
						"0.0": [5, 0, 0],
						"1.04": [-17.5, 0, 0],
						"2.08": [5, 0, 0]
					},
					"position": {
						"0.0": [0, -4.7, -4.5],
						"1.04": [0, 7.3, 30.5],
						"2.08": [0, -4.7, -4.5]
					}
				},
				"bone2": {
					"rotation": {
						"0.0": [0, 0, 0],
						"1.04": [-10, 0, 0],
						"2.08": [0, 0, 0]
					},
					"position": {
						"0.0": [0, 0, 0],
						"1.04": [0, -0.4, 0],
						"2.08": [0, 0, 0]
					}
				},
				"bone3": {
					"rotation": {
						"0.0": [0, 0, 0],
						"2.08": [0, 0, 0]
					},
					"position": {
						"0.0": [0, 0.6, -1.3],
						"1.04": [0, -2.2, -2],
						"2.08": [0, 0.6, -1.3]
					}
				},
				"bone9": {
					"rotation": {
						"0.0": [0, 0, 0],
						"2.08": [0, 0, 0]
					},
					"position": {
						"0.0": [0, 0, 0],
						"1.04": [0, 10, -4],
						"2.08": [0, 0, 0]
					}
				},
				"bone13": {
					"rotation": {
						"0.0": [0, 0, 0],
						"2.08": [0, 0, 0]
					},
					"position": {
						"0.0": [0, 0, 0],
						"1.04": [0, 10, -5],
						"2.08": [0, 0, 0]
					}
				},
				"bone17": {
					"rotation": [0, 0, 0],
					"position": [0, 0, 0]
				},
				"bone21": {
					"rotation": [0, 0, 0],
					"position": [0, 0, 0]
				}
			}
		}
	}
}