{
	"format_version": "1.8.0",
	"animations": {
		"animation.corythoingen.move": {
			"loop": true,
			"animation_length": 2.08,
			"bones": {
				"bone2": {
					"position": {
						"0.0": [0, -4, 0],
						"0.52": [0, -3.5, 0],
						"1.04": [0, -7, 0],
						"1.56": [0, -3.7, 0],
						"2.08": [0, -4, 0]
					}
				},
				"bone3": {
					"rotation": {
						"0.0": [17.5, 0, 2.5],
						"1.04": [22.5, 0, -2.5],
						"2.08": [17.5, 0, 2.5]
					},
					"position": {
						"0.0": [0, -5, 0],
						"2.08": [0, -5, 0]
					}
				},
				"bone7": {
					"rotation": {
						"0.0": [2.5, -5, 0],
						"1.04": [2.5, 5, 0],
						"2.08": [2.5, -5, 0]
					},
					"position": {
						"0.0": [0.8, 0, 0],
						"1.04": [-0.9, 0, 0],
						"2.08": [0.8, 0, 0]
					}
				},
				"bone8": {
					"rotation": {
						"0.0": [2.5, -5, 0],
						"1.04": [-5, 6, 0],
						"2.08": [2.5, -5, 0]
					},
					"position": {
						"0.0": [0.4, 0, 0],
						"1.04": [-0.3, 0.4, 0],
						"2.08": [0.4, 0, 0]
					}
				},
				"bone9": {
					"rotation": {
						"0.0": [5, -7.5, 0],
						"1.04": [-5, 7.5, 0],
						"2.08": [5, -7.5, 0]
					},
					"position": {
						"0.0": [0.1, 0.4, -0.3],
						"1.04": [0.1, 0.4, -0.3],
						"2.08": [0.1, 0.4, -0.3]
					}
				},
				"bone10": {
					"rotation": {
						"0.0": [2.5, -2.5, 0],
						"1.04": [-5, 6.5, 0],
						"2.08": [2.5, -2.5, 0]
					},
					"position": {
						"0.0": [0, 0, 0],
						"1.04": [0, 0.6, 0],
						"2.08": [0, 0, 0]
					}
				},
				"bone11": {
					"rotation": {
						"0.0": [2.5, -5, 0],
						"1.04": [-7.5, 3, 0],
						"2.08": [2.5, -5, 0]
					},
					"position": {
						"0.0": [0, -0.1, 0],
						"1.04": [0, 0.3, 0],
						"2.08": [0, -0.1, 0]
					}
				},
				"bone4": {
					"rotation": {
						"0.0": [-17.5, 0, 0],
						"1.04": [-12.5, 0, 0],
						"2.08": [-17.5, 0, 0]
					},
					"position": {
						"0.0": [0, 2.5, 2],
						"1.04": [0, 0.5, 2],
						"2.08": [0, 2.5, 2]
					}
				},
				"bone12": {
					"rotation": {
						"0.0": [-7.5, 0, 0],
						"2.08": [-7.5, 0, 0]
					}
				},
				"bone13": {
					"rotation": {
						"0.0": [-5, 0, 0],
						"2.08": [-5, 0, 0]
					}
				},
				"bone16": {
					"rotation": {
						"0.0": [25, 0, 0],
						"1.04": [-30, 0, 0],
						"2.08": [25, 0, 0]
					},
					"position": {
						"0.0": [0, -4.7, -4.5],
						"1.04": [0, 10.1, 6.5],
						"2.08": [0, -4.7, -4.5]
					}
				},
				"bone21": {
					"rotation": {
						"0.0": [-25, 0, 0],
						"1.04": [35, 0, 0],
						"2.08": [-25, 0, 0]
					},
					"position": {
						"0.0": [0, 5, 2],
						"1.04": [0, -4, -2],
						"2.08": [0, 5, 2]
					}
				}
			}
		},
		"animation.corythoingen.setup": {
			"loop": true,
			"animation_length": 2.08,
			"bones": {
				"bone3": {
					"rotation": {
						"0.0": [17.5, 0, 0],
						"1.04": [22.5, 0, 0],
						"2.08": [17.5, 0, 0]
					},
					"position": {
						"0.0": [0, -5, 0],
						"2.08": [0, -5, 0]
					}
				},
				"bone7": {
					"rotation": {
						"0.0": [2.5, -5, 0],
						"1.04": [2.5, 5, 0],
						"2.08": [2.5, -5, 0]
					},
					"position": {
						"0.0": [0.8, 0, 0],
						"1.04": [-0.9, 0, 0],
						"2.08": [0.8, 0, 0]
					}
				},
				"bone8": {
					"rotation": {
						"0.0": [2.5, -5, 0],
						"1.04": [-5, 6, 0],
						"2.08": [2.5, -5, 0]
					},
					"position": {
						"0.0": [0.4, 0, 0],
						"1.04": [-0.3, 0.4, 0],
						"2.08": [0.4, 0, 0]
					}
				},
				"bone9": {
					"rotation": {
						"0.0": [5, -7.5, 0],
						"1.04": [-5, 7.5, 0],
						"2.08": [5, -7.5, 0]
					},
					"position": {
						"0.0": [0.1, 0.4, -0.3],
						"1.04": [0.1, 0.4, -0.3],
						"2.08": [0.1, 0.4, -0.3]
					}
				},
				"bone10": {
					"rotation": {
						"0.0": [2.5, -2.5, 0],
						"1.04": [-5, 6.5, 0],
						"2.08": [2.5, -2.5, 0]
					},
					"position": {
						"0.0": [0, 0, 0],
						"1.04": [0, 0.6, 0],
						"2.08": [0, 0, 0]
					}
				},
				"bone11": {
					"rotation": {
						"0.0": [2.5, -5, 0],
						"1.04": [-7.5, 3, 0],
						"2.08": [2.5, -5, 0]
					},
					"position": {
						"0.0": [0, -0.1, 0],
						"1.04": [0, 0.3, 0],
						"2.08": [0, -0.1, 0]
					}
				},
				"bone4": {
					"rotation": {
						"0.0": [-17.5, 0, 0],
						"1.04": [-12.5, 0, 0],
						"2.08": [-17.5, 0, 0]
					},
					"position": {
						"0.0": [0, 2.5, 2],
						"1.04": [0, 0.5, 2],
						"2.08": [0, 2.5, 2]
					}
				},
				"bone12": {
					"rotation": {
						"0.0": [-7.5, 0, 0],
						"2.08": [-7.5, 0, 0]
					}
				},
				"bone13": {
					"rotation": {
						"0.0": [-5, 0, 0],
						"2.08": [-5, 0, 0]
					}
				}
			}
		},
		"animation.corythoingen.casting": {
			"animation_length": 4.16,
			"bones": {
				"bone3": {
					"rotation": {
						"0.0": [0, 0, 0],
						"1.04": [-15, 0, 0],
						"2.08": [0, 0, 0],
						"3.12": [0, 0, 0],
						"4.16": [0, 0, 0]
					},
					"position": {
						"0.0": [0, 0, 0],
						"1.04": [0, 3.7, 0],
						"2.08": [0, 0, 0],
						"3.12": [0, 0, 0],
						"4.16": [0, 0, 0]
					}
				},
				"bone7": {
					"rotation": {
						"0.0": [0, 0, 0],
						"1.04": [17.5, -2, 0],
						"2.08": [0, 0, 0],
						"3.12": [2.5, 5, 0],
						"4.16": [0, 0, 0]
					},
					"position": {
						"0.0": [0, 0, 0],
						"1.04": [0, -1.1, 0],
						"2.08": [0, 0, 0],
						"3.12": [-0.9, 0, 0],
						"4.16": [0, 0, 0]
					}
				},
				"bone8": {
					"rotation": {
						"0.0": [0, 0, 0],
						"1.04": [0, -2, 0],
						"2.08": [0, 0, 0],
						"3.12": [-5, 6, 0],
						"4.16": [0, 0, 0]
					},
					"position": {
						"0.0": [0, 0, 0],
						"2.08": [0, 0, 0],
						"3.12": [-0.3, 0.4, 0],
						"4.16": [0, 0, 0]
					}
				},
				"bone9": {
					"rotation": {
						"0.0": [0, 0, 0],
						"1.04": [0, -3, 0],
						"2.08": [0, 0, 0],
						"3.12": [-5, 7.5, 0],
						"4.16": [0, 0, 0]
					},
					"position": {
						"0.0": [0, 0, 0],
						"2.08": [0, 0, 0],
						"3.12": [0.1, 0.4, -0.3],
						"4.16": [0, 0, 0]
					}
				},
				"bone10": {
					"rotation": {
						"0.0": [0, 0, 0],
						"1.04": [0, -4, 0],
						"2.08": [0, 0, 0],
						"3.12": [-5, 6.5, 0],
						"4.16": [0, 0, 0]
					},
					"position": {
						"0.0": [0, 0, 0],
						"2.08": [0, 0, 0],
						"3.12": [0, 0.6, 0],
						"4.16": [0, 0, 0]
					}
				},
				"bone11": {
					"rotation": {
						"0.0": [0, 0, 0],
						"1.04": [0, -5, 0],
						"2.08": [0, 0, 0],
						"3.12": [-7.5, 3, 0],
						"4.16": [0, 0, 0]
					},
					"position": {
						"0.0": [0, 0, 0],
						"2.08": [0, 0, 0],
						"3.12": [0, 0.3, 0],
						"4.16": [0, 0, 0]
					}
				},
				"bone5": {
					"rotation": {
						"0.0": [0, 0, 0],
						"2.08": [0, 0, 0],
						"3.12": [0, 0, 0],
						"4.16": [0, 0, 0]
					},
					"position": {
						"0.0": [0, 0, 0],
						"2.08": [0, 0, 0],
						"3.12": [0, 0, 0],
						"4.16": [0, 0, 0]
					}
				}
			}
		},
		"animation.corythoingen.attack": {
			"animation_length": 1.04,
			"bones": {
				"bone3": {
					"rotation": {
						"0.0": [0, 0, 0],
						"1.04": [-15, 0, 0]
					},
					"position": {
						"0.0": [0, 0, 0],
						"1.04": [0, 3.7, 0]
					}
				},
				"bone7": {
					"rotation": {
						"0.0": [0, 0, 0],
						"1.04": [17.5, -2, 0]
					},
					"position": {
						"0.0": [0, 0, 0],
						"1.04": [0, -1.1, 0]
					}
				},
				"bone8": {
					"rotation": {
						"0.0": [0, 0, 0],
						"1.04": [0, -2, 0]
					},
					"position": [0, 0, 0]
				},
				"bone9": {
					"rotation": {
						"0.0": [0, 0, 0],
						"1.04": [0, -3, 0]
					},
					"position": [0, 0, 0]
				},
				"bone10": {
					"rotation": {
						"0.0": [0, 0, 0],
						"1.04": [0, -4, 0]
					},
					"position": [0, 0, 0]
				},
				"bone11": {
					"rotation": {
						"0.0": [0, 0, 0],
						"1.04": [0, -5, 0]
					},
					"position": [0, 0, 0]
				},
				"bone5": {
					"rotation": [0, 0, 0],
					"position": [0, 0, 0]
				}
			}
		},
		"animation.corythoingen.rest": {
			"loop": true,
			"animation_length": 2.08,
			"bones": {
				"bone3": {
					"rotation": [35, 0, 0],
					"position": [0, -11.1, 2.8]
				},
				"bone7": {
					"rotation": {
						"0.0": [0, 0, 0],
						"1.04": [2.5, 5, 0],
						"2.08": [0, 0, 0]
					},
					"position": {
						"0.0": [0, 0, 0],
						"1.04": [-0.9, 0, 0],
						"2.08": [0, 0, 0]
					}
				},
				"bone8": {
					"rotation": {
						"0.0": [0, 0, 0],
						"1.04": [-5, 6, 0],
						"2.08": [0, 0, 0]
					},
					"position": {
						"0.0": [0, 0, 0],
						"1.04": [-0.3, 0.4, 0],
						"2.08": [0, 0, 0]
					}
				},
				"bone9": {
					"rotation": {
						"0.0": [0, 0, 0],
						"1.04": [-5, 7.5, 0],
						"2.08": [0, 0, 0]
					},
					"position": {
						"0.0": [0, 0, 0],
						"1.04": [0.1, 0.4, -0.3],
						"2.08": [0, 0, 0]
					}
				},
				"bone10": {
					"rotation": {
						"0.0": [0, 0, 0],
						"1.04": [-5, 6.5, 0],
						"2.08": [0, 0, 0]
					},
					"position": {
						"0.0": [0, 0, 0],
						"1.04": [0, 0.6, 0],
						"2.08": [0, 0, 0]
					}
				},
				"bone11": {
					"rotation": {
						"0.0": [0, 0, 0],
						"1.04": [-7.5, 3, 0],
						"2.08": [0, 0, 0]
					},
					"position": {
						"0.0": [0, 0, 0],
						"1.04": [0, 0.3, 0],
						"2.08": [0, 0, 0]
					}
				},
				"bone4": {
					"rotation": [30, 0, 0],
					"position": [0, -7, 0]
				},
				"bone6": {
					"rotation": {
						"0.0": [5, 0, 0],
						"1.04": [0, 0, 0],
						"2.08": [5, 0, 0]
					},
					"position": {
						"0.0": [0, 0, -1.3],
						"1.04": [0, 0, 0],
						"2.08": [0, 0, -1.3]
					}
				},
				"bone12": {
					"rotation": [-65, 0, 0],
					"position": [0, 1.3, 22.9]
				},
				"bone13": {
					"rotation": [-27.5, 0, 0],
					"position": [0, 2.4, 6.1]
				}
			}
		},
		"animation.corythoingen.sleep": {
			"loop": true,
			"animation_length": 2.08,
			"bones": {
				"bone3": {
					"rotation": {
						"0.0": [25, 0, -2.5],
						"1.04": [25, 0, -3.5],
						"2.08": [25, 0, -2.5]
					},
					"position": {
						"0.0": [0, -30, 0],
						"2.08": [0, -30, 0]
					}
				},
				"bone7": {
					"rotation": {
						"0.0": [-12.5, -7, 5],
						"1.04": [-12.5, -10, 5],
						"2.08": [-12.5, -7, 5]
					},
					"position": {
						"0.0": [1.2, 2.5, -0.4],
						"1.04": [1.9, 2.5, -0.4],
						"2.08": [1.2, 2.5, -0.4]
					}
				},
				"bone8": {
					"rotation": {
						"0.0": [-5, -7.5, 0],
						"2.08": [-5, -7.5, 0]
					},
					"position": {
						"0.0": [0.6, 0, 0],
						"2.08": [0.6, 0, 0]
					}
				},
				"bone4": {
					"rotation": {
						"0.0": [0, 0, 0],
						"1.04": [-6, 0, 0],
						"2.08": [0, 0, 0]
					},
					"position": {
						"0.0": [0, 0, 0],
						"1.04": [0, 1, 1.1],
						"2.08": [0, 0, 0]
					}
				},
				"bone6": {
					"rotation": {
						"0.0": [7.5, 0, 0],
						"2.08": [7.5, 0, 0]
					},
					"position": {
						"0.0": [0, 0, -1.1],
						"2.08": [0, 0, -1.1]
					}
				},
				"bone12": {
					"rotation": {
						"0.0": [-107.5, 0, 0],
						"2.08": [-107.5, 0, 0]
					},
					"position": {
						"0.0": [0, -9.1, 39.9],
						"2.08": [0, -9.1, 39.9]
					}
				},
				"bone13": {
					"rotation": {
						"0.0": [-107.5, 0, 0],
						"2.08": [-107.5, 0, 0]
					},
					"position": {
						"0.0": [0, -8.4, 40.2],
						"2.08": [0, -8.4, 40.2]
					}
				},
				"bone16": {
					"rotation": {
						"0.0": [0, 0, 0],
						"1.04": [0, 0, -5],
						"2.08": [0, 0, 0]
					},
					"position": {
						"0.0": [0, -12, -2],
						"1.04": [-1.8, -12, -2],
						"2.08": [0, -12, -2]
					}
				},
				"bone17": {
					"rotation": {
						"0.0": [32.5, 0, 0],
						"2.08": [32.5, 0, 0]
					},
					"position": {
						"0.0": [0, -2.8, -10.3],
						"2.08": [0, -2.8, -10.3]
					}
				},
				"bone18": {
					"rotation": {
						"0.0": [-100, 0, 0],
						"2.08": [-100, 0, 0]
					},
					"position": {
						"0.0": [0, -24.8, 39.1],
						"2.08": [0, -24.8, 39.1]
					}
				},
				"bone20": {
					"rotation": {
						"0.0": [74, 0, 0],
						"2.08": [74, 0, 0]
					},
					"position": {
						"0.0": [0, -42.3, -30.1],
						"2.08": [0, -42.3, -30.1]
					}
				},
				"bone21": {
					"rotation": [0, 0, -5],
					"position": {
						"0.0": [0, -13.5, 0],
						"1.04": [-0.9, -13.5, 0],
						"2.08": [0, -13.5, 0]
					}
				},
				"bone22": {
					"rotation": {
						"0.0": [42.5, 0, 0],
						"2.08": [42.5, 0, 0]
					},
					"position": {
						"0.0": [0, -5.2, -12.7],
						"2.08": [0, -5.2, -12.7]
					}
				},
				"bone23": {
					"rotation": {
						"0.0": [-115, 0, 0],
						"2.08": [-115, 0, 0]
					},
					"position": {
						"0.0": [0, -33.6, 38.9],
						"2.08": [0, -33.6, 38.9]
					}
				},
				"bone25": {
					"rotation": {
						"0.0": [80, 0, 0],
						"2.08": [80, 0, 0]
					},
					"position": {
						"0.0": [0, -47.7, -34.2],
						"2.08": [0, -47.7, -34.2]
					}
				}
			}
		}
	}
}