{
	"format_version": "1.8.0",
	"animations": {
		"animation.deinojwe.move": {
			"loop": true,
			"animation_length": 2.08,
			"bones": {
				"bone5": {
					"rotation": {
						"0.0": [5, 0, 0],
						"1.04": [0, 0, 0],
						"2.08": [5, 0, 0]
					}
				},
				"bone6": {
					"rotation": {
						"0.0": [0, -5, 0],
						"1.04": [0, 7.5, 0],
						"2.08": [0, -5, 0]
					}
				},
				"bone7": {
					"rotation": {
						"0.0": [0, -5, 0],
						"1.04": [0, 5, 0],
						"2.08": [0, -5, 0]
					}
				},
				"bone8": {
					"rotation": {
						"0.0": [0, -2.5, 0],
						"1.04": [0, 2.5, 0],
						"2.08": [0, -2.5, 0]
					},
					"position": {
						"0.0": [-0.7, 0, 0],
						"1.04": [0.6, 0, 0],
						"2.08": [-0.7, 0, 0]
					}
				},
				"bone16": {
					"rotation": {
						"0.0": [60, 0, 0],
						"1.04": [-27.5, 0, 0],
						"2.08": [60, 0, 0]
					},
					"position": {
						"0.0": [0, -2, 13],
						"1.04": [0, 2, -6],
						"2.08": [0, -2, 13]
					}
				},
				"bone12": {
					"rotation": {
						"0.0": [-10, 0, 0],
						"1.04": [50, 0, 0],
						"2.08": [-10, 0, 0]
					},
					"position": {
						"0.0": [0, 1.8, -4.9],
						"1.04": [0, -1.2, 7.1],
						"2.08": [0, 1.8, -4.9]
					}
				}
			}
		},
		"animation.deinojwe.setup": {
			"loop": true,
			"animation_length": 2.08,
			"bones": {
				"bone5": {
					"rotation": {
						"0.0": [5, 0, 0],
						"1.04": [0, 0, 0],
						"2.08": [5, 0, 0]
					}
				},
				"bone6": {
					"rotation": {
						"0.0": [0, -5, 0],
						"1.04": [0, 7.5, 0],
						"2.08": [0, -5, 0]
					}
				},
				"bone7": {
					"rotation": {
						"0.0": [0, -5, 0],
						"1.04": [0, 5, 0],
						"2.08": [0, -5, 0]
					}
				},
				"bone8": {
					"rotation": {
						"0.0": [0, -2.5, 0],
						"1.04": [0, 2.5, 0],
						"2.08": [0, -2.5, 0]
					},
					"position": {
						"0.0": [-0.7, 0, 0],
						"1.04": [0.6, 0, 0],
						"2.08": [-0.7, 0, 0]
					}
				}
			}
		},
		"animation.deinojwe.rest": {
			"loop": true,
			"animation_length": 2.08,
			"bones": {
				"bone5": {
					"rotation": {
						"0.0": [5, 0, 0],
						"1.04": [0, 0, 0],
						"2.08": [5, 0, 0]
					},
					"position": [0, -16, 0]
				},
				"bone6": {
					"rotation": {
						"0.0": [0, -5, 0],
						"1.04": [0, 7.5, 0],
						"2.08": [0, -5, 0]
					},
					"position": [0, -16, 0]
				},
				"bone7": {
					"rotation": {
						"0.0": [0, -5, 0],
						"1.04": [0, 5, 0],
						"2.08": [0, -5, 0]
					}
				},
				"bone8": {
					"rotation": {
						"0.0": [0, -2.5, 0],
						"1.04": [0, 2.5, 0],
						"2.08": [0, -2.5, 0]
					},
					"position": {
						"0.0": [-0.7, 0, 0],
						"1.04": [0.6, 0, 0],
						"2.08": [-0.7, 0, 0]
					}
				},
				"bone10": {
					"position": [0, -13, 0]
				},
				"bone16": {
					"rotation": [-35, 0, 0],
					"position": [0, 7, 0]
				},
				"bone17": {
					"rotation": [35, 0, 0],
					"position": [0, 0, 3.8]
				},
				"bone18": {
					"rotation": [-62.5, 0, 0],
					"position": [0, 7, 5.5]
				},
				"bone19": {
					"rotation": [60, 0, 0],
					"position": [0, -2.9, 7.1]
				},
				"bone12": {
					"rotation": [-37.5, 0, 0],
					"position": [0, -8, 0]
				},
				"bone13": {
					"rotation": [47.5, 0, 0],
					"position": [0, -1.9, 2.5]
				},
				"bone14": {
					"rotation": [-77.5, 0, 0],
					"position": [0, 2.3, -7]
				},
				"bone15": {
					"rotation": [65, 0, 0],
					"position": [0, 4.6, 0.9]
				}
			}
		},
		"animation.deinojwe.sleep": {
			"loop": true,
			"animation_length": 2.08,
			"bones": {
				"bone5": {
					"rotation": {
						"0.0": [5, 0, 0],
						"1.04": [0, 0, 0],
						"2.08": [5, 0, 0]
					},
					"position": [0, -16, 0]
				},
				"bone6": {
					"rotation": {
						"0.0": [0, -5, 0],
						"1.04": [0, 7.5, 0],
						"2.08": [0, -5, 0]
					},
					"position": [0, -16, 0]
				},
				"bone7": {
					"rotation": {
						"0.0": [0, -5, 0],
						"1.04": [0, 5, 0],
						"2.08": [0, -5, 0]
					}
				},
				"bone8": {
					"rotation": {
						"0.0": [0, -2.5, 0],
						"1.04": [0, 2.5, 0],
						"2.08": [0, -2.5, 0]
					},
					"position": {
						"0.0": [-0.7, 0, 0],
						"1.04": [0.6, 0, 0],
						"2.08": [-0.7, 0, 0]
					}
				},
				"bone10": {
					"position": [0, -13, 0]
				},
				"bone16": {
					"rotation": [-35, 0, 0],
					"position": [0, 7, 0]
				},
				"bone17": {
					"rotation": [35, 0, 0],
					"position": [0, 0, 3.8]
				},
				"bone18": {
					"rotation": [-62.5, 0, 0],
					"position": [0, 7, 5.5]
				},
				"bone19": {
					"rotation": [60, 0, 0],
					"position": [0, -2.9, 7.1]
				},
				"bone12": {
					"rotation": [-37.5, 0, 0],
					"position": [0, -8, 0]
				},
				"bone13": {
					"rotation": [47.5, 0, 0],
					"position": [0, -1.9, 2.5]
				},
				"bone14": {
					"rotation": [-77.5, 0, 0],
					"position": [0, 2.3, -7]
				},
				"bone15": {
					"rotation": [65, 0, 0],
					"position": [0, 4.6, 0.9]
				}
			}
		},
		"animation.deinojwe.attack": {
			"animation_length": 2.08,
			"bones": {
				"bone5": {
					"rotation": {
						"0.0": [-12.5, 0, 0],
						"1.04": [2.5, 0, 0],
						"2.08": [-12.5, 0, 0]
					}
				},
				"bone": {
					"rotation": {
						"0.0": [7.5, 0, 0],
						"1.04": [-7.5, 0, 0],
						"2.08": [7.5, 0, 0]
					}
				},
				"bone2": {
					"rotation": {
						"0.0": [0, 0, 0],
						"1.04": [27.5, 0, 0],
						"2.08": [0, 0, 0]
					},
					"position": {
						"0.0": [0, 0, 0],
						"2.08": [0, 0, 0]
					}
				},
				"bone6": {
					"position": {
						"0.0": [0, -2.1, -2.7],
						"1.04": [0, -0.1, 0.3],
						"2.08": [0, -2.1, -2.7]
					}
				}
			}
		},
		"animation.deinojwe.casting": {
			"animation_length": 2.08,
			"bones": {
				"bone5": {
					"rotation": {
						"0.0": [-17.5, 0, 0],
						"2.08": [7.5, 0, 0]
					},
					"position": {
						"0.0": [0, 2, 2.4],
						"2.08": [0, -1, 0.4]
					}
				},
				"bone": {
					"rotation": {
						"0.0": [9, 0, 0],
						"1.04": [2, 0, 0],
						"2.08": [-6, 0, 0]
					}
				},
				"bone6": {
					"position": {
						"0.0": [0, 0, -1],
						"2.08": [0, 0, 2]
					}
				}
			}
		}
	}
}