{
	"format_version": "1.8.0",
	"animations": {
		"animation.ingenstego.move": {
			"loop": true,
			"animation_length": 2.21,
			"bones": {
				"bone21": {
					"rotation": {
						"0.12": [2.5, 0, 0],
						"1.2": [0, 0, 0],
						"2.2": [2.5, 0, 0]
					},
					"position": {
						"0.12": [0, -4, 4],
						"1.2": [0, -2, 2],
						"2.2": [0, -4, 4]
					}
				},
				"bone22": {
					"rotation": {
						"0.12": [2.5, 0, 0],
						"1.2": [2.5, 0, 0],
						"2.2": [2.5, 0, 0]
					}
				},
				"bone23": {
					"rotation": {
						"0.0": [15, 0, 0],
						"1.08": [-17.5, 0, 0],
						"2.08": [15, 0, 0]
					},
					"position": {
						"0.0": [0, -2, 11],
						"1.08": [0, -2, -20],
						"2.08": [0, -2, 11]
					}
				},
				"bone24": {
					"rotation": {
						"0.0": [-25, 0, 0],
						"1.08": [30, 0, 0],
						"2.08": [-25, 0, 0]
					},
					"position": {
						"0.0": [0, 6, 0],
						"1.08": [0, -18, 0],
						"2.08": [0, 6, 0]
					}
				},
				"bone25": {
					"rotation": {
						"0.0": [35, 0, 0],
						"1.08": [-37.5, 0, 0],
						"2.08": [35, 0, 0]
					},
					"position": {
						"0.0": [0, -3, 20],
						"1.08": [0, 7, -4],
						"2.08": [0, -3, 20]
					}
				},
				"bone26": {
					"rotation": {
						"0.0": [-10, 0, 0],
						"1.08": [25, 0, 0],
						"2.08": [-10, 0, 0]
					},
					"position": {
						"0.0": [0, 2, -3],
						"1.08": [0, -3, 17],
						"2.08": [0, 2, -3]
					}
				},
				"bone27": {
					"rotation": {
						"0.0": [7.5, -5, 0],
						"1.08": [12.5, 10, 0],
						"2.08": [7.5, -5, 0]
					},
					"position": {
						"0.0": [0, 0.9, -0.7],
						"1.08": [0, 2.7, -6.4],
						"2.08": [0, 0.9, -0.7]
					}
				},
				"bone28": {
					"rotation": {
						"0.0": [0, -7.5, 0],
						"1.08": [0, 7.5, 0],
						"2.08": [0, -7.5, 0]
					}
				},
				"bone29": {
					"rotation": {
						"0.0": [0, -5, 0],
						"1.08": [0, 7.5, 0],
						"2.08": [0, -5, 0]
					},
					"position": {
						"0.0": [0.8, 0, 0],
						"1.08": [-1.1, 0, 0],
						"2.08": [0.8, 0, 0]
					}
				},
				"bone30": {
					"rotation": {
						"0.0": [0, -7.5, 0],
						"1.08": [0, 12.5, 0],
						"2.08": [0, -7.5, 0]
					},
					"position": {
						"0.0": [1.3, 0, 0],
						"1.08": [-1.5, 0, 0],
						"2.08": [1.3, 0, 0]
					}
				},
				"bone31": {
					"rotation": {
						"0.0": [0, -10, 0],
						"1.08": [0, 2.5, 0],
						"2.08": [0, -10, 0]
					},
					"position": {
						"0.0": [2.4, 0, 0],
						"1.08": [-0.3, 0, 0],
						"2.08": [2.4, 0, 0]
					}
				},
				"bone32": {
					"rotation": {
						"0.0": [0, -2, 0],
						"1.08": [0, 3, 0],
						"2.08": [0, -2, 0]
					}
				}
			}
		},
		"animation.ingenstego.setup": {
			"loop": true,
			"animation_length": 2.08,
			"bones": {
				"bone21": {
					"rotation": {
						"0.0": [2.5, 0, 0],
						"1.08": [0, 0, 0],
						"2.08": [2.5, 0, 0]
					},
					"position": {
						"0.0": [0, -4, 4],
						"1.08": [0, -2, 2],
						"2.08": [0, -4, 4]
					}
				},
				"bone22": {
					"rotation": {
						"0.0": [2.5, 0, 0],
						"1.08": [2.5, 0, 0],
						"2.08": [2.5, 0, 0]
					}
				},
				"bone27": {
					"rotation": {
						"0.0": [7.5, -5, 0],
						"1.08": [12.5, 10, 0],
						"2.08": [7.5, -5, 0]
					},
					"position": {
						"0.0": [0, 0.9, -0.7],
						"1.08": [0, 2.7, -6.4],
						"2.08": [0, 0.9, -0.7]
					}
				},
				"bone28": {
					"rotation": {
						"0.0": [0, -7.5, 0],
						"1.08": [0, 7.5, 0],
						"2.08": [0, -7.5, 0]
					}
				},
				"bone29": {
					"rotation": {
						"0.0": [0, -5, 0],
						"1.08": [0, 7.5, 0],
						"2.08": [0, -5, 0]
					},
					"position": {
						"0.0": [0.8, 0, 0],
						"1.08": [-1.1, 0, 0],
						"2.08": [0.8, 0, 0]
					}
				},
				"bone30": {
					"rotation": {
						"0.0": [0, -7.5, 0],
						"1.08": [0, 12.5, 0],
						"2.08": [0, -7.5, 0]
					},
					"position": {
						"0.0": [1.3, 0, 0],
						"1.08": [-1.5, 0, 0],
						"2.08": [1.3, 0, 0]
					}
				},
				"bone31": {
					"rotation": {
						"0.0": [0, -10, 0],
						"1.08": [0, 2.5, 0],
						"2.08": [0, -10, 0]
					},
					"position": {
						"0.0": [2.4, 0, 0],
						"1.08": [-0.3, 0, 0],
						"2.08": [2.4, 0, 0]
					}
				},
				"bone32": {
					"rotation": {
						"0.0": [0, -2, 0],
						"1.08": [0, 3, 0],
						"2.08": [0, -2, 0]
					}
				}
			}
		},
		"animation.ingenstego.rest": {
			"loop": true,
			"animation_length": 2.08,
			"bones": {
				"bone21": {
					"rotation": {
						"0.0": [2.5, 0, 0],
						"1.08": [0, 0, 0],
						"2.08": [2.5, 0, 0]
					},
					"position": {
						"0.0": [0, -4, 4],
						"1.08": [0, -2, 2],
						"2.08": [0, -4, 4]
					}
				},
				"bone22": {
					"rotation": {
						"0.0": [2.5, 0, 0],
						"1.08": [2.5, 0, 0],
						"2.08": [2.5, 0, 0]
					}
				},
				"bone27": {
					"rotation": {
						"0.0": [7.5, -5, 0],
						"1.08": [12.5, 10, 0],
						"2.08": [7.5, -5, 0]
					},
					"position": {
						"0.0": [0, 0.9, -0.7],
						"1.08": [0, 2.7, -6.4],
						"2.08": [0, 0.9, -0.7]
					}
				},
				"bone28": {
					"rotation": {
						"0.0": [0, -7.5, 0],
						"1.08": [0, 7.5, 0],
						"2.08": [0, -7.5, 0]
					}
				},
				"bone29": {
					"rotation": {
						"0.0": [0, -5, 0],
						"1.08": [0, 7.5, 0],
						"2.08": [0, -5, 0]
					},
					"position": {
						"0.0": [0.8, 0, 0],
						"1.08": [-1.1, 0, 0],
						"2.08": [0.8, 0, 0]
					}
				},
				"bone30": {
					"rotation": {
						"0.0": [0, -7.5, 0],
						"1.08": [0, 12.5, 0],
						"2.08": [0, -7.5, 0]
					},
					"position": {
						"0.0": [1.3, 0, 0],
						"1.08": [-1.5, 0, 0],
						"2.08": [1.3, 0, 0]
					}
				},
				"bone31": {
					"rotation": {
						"0.0": [0, -10, 0],
						"1.08": [0, 2.5, 0],
						"2.08": [0, -10, 0]
					},
					"position": {
						"0.0": [2.4, 0, 0],
						"1.08": [-0.3, 0, 0],
						"2.08": [2.4, 0, 0]
					}
				},
				"bone32": {
					"rotation": {
						"0.0": [0, -2, 0],
						"1.08": [0, 3, 0],
						"2.08": [0, -2, 0]
					}
				},
				"cabess": {
					"position": [0, -16, 0]
				},
				"bone23": {
					"rotation": [67.5, 0, 0],
					"position": [0, 8, 62]
				},
				"bone24": {
					"rotation": [62.5, 0, 0],
					"position": [0, -35, 10]
				},
				"bone25": {
					"rotation": [-70, 0, 0],
					"position": [0, 21, -15]
				},
				"bone26": {
					"rotation": [-70, 0, 0],
					"position": [0, 23, -12]
				}
			}
		},
		"animation.ingenstego.sleep": {
			"loop": true,
			"animation_length": 2.08,
			"bones": {
				"bone21": {
					"rotation": {
						"0.0": [2.5, 0, 0],
						"1.08": [0, 0, 0],
						"2.08": [2.5, 0, 0]
					},
					"position": {
						"0.0": [0, -4, 4],
						"1.08": [0, -2, 2],
						"2.08": [0, -4, 4]
					}
				},
				"bone22": {
					"rotation": {
						"0.0": [2.5, 0, 0],
						"1.08": [2.5, 0, 0],
						"2.08": [2.5, 0, 0]
					}
				},
				"bone27": {
					"rotation": {
						"0.0": [7.5, -5, 0],
						"1.08": [12.5, 10, 0],
						"2.08": [7.5, -5, 0]
					},
					"position": {
						"0.0": [0, 0.9, -0.7],
						"1.08": [0, 2.7, -6.4],
						"2.08": [0, 0.9, -0.7]
					}
				},
				"bone28": {
					"rotation": {
						"0.0": [0, -7.5, 0],
						"1.08": [0, 7.5, 0],
						"2.08": [0, -7.5, 0]
					}
				},
				"bone29": {
					"rotation": {
						"0.0": [0, -5, 0],
						"1.08": [0, 7.5, 0],
						"2.08": [0, -5, 0]
					},
					"position": {
						"0.0": [0.8, 0, 0],
						"1.08": [-1.1, 0, 0],
						"2.08": [0.8, 0, 0]
					}
				},
				"bone30": {
					"rotation": {
						"0.0": [0, -7.5, 0],
						"1.08": [0, 12.5, 0],
						"2.08": [0, -7.5, 0]
					},
					"position": {
						"0.0": [1.3, 0, 0],
						"1.08": [-1.5, 0, 0],
						"2.08": [1.3, 0, 0]
					}
				},
				"bone31": {
					"rotation": {
						"0.0": [0, -10, 0],
						"1.08": [0, 2.5, 0],
						"2.08": [0, -10, 0]
					},
					"position": {
						"0.0": [2.4, 0, 0],
						"1.08": [-0.3, 0, 0],
						"2.08": [2.4, 0, 0]
					}
				},
				"bone32": {
					"rotation": {
						"0.0": [0, -2, 0],
						"1.08": [0, 3, 0],
						"2.08": [0, -2, 0]
					}
				},
				"cabess": {
					"position": [0, -16, 0]
				},
				"bone23": {
					"rotation": [67.5, 0, 0],
					"position": [0, 8, 62]
				},
				"bone24": {
					"rotation": [62.5, 0, 0],
					"position": [0, -35, 10]
				},
				"bone25": {
					"rotation": [-70, 0, 0],
					"position": [0, 21, -15]
				},
				"bone26": {
					"rotation": [-70, 0, 0],
					"position": [0, 23, -12]
				}
			}
		},
		"animation.ingenstego.attack": {
			"animation_length": 2.08,
			"bones": {
				"bone21": {
					"rotation": {
						"0.0": [2.5, 0, 0],
						"1.08": [0, 0, 0]
					},
					"position": {
						"0.0": [0, -4, 4],
						"1.08": [0, -2, 2]
					}
				},
				"bone22": {
					"rotation": {
						"0.0": [2.5, 0, 0],
						"1.08": [2.5, 0, 0]
					}
				},
				"bone27": {
					"rotation": {
						"0.0": [7.5, -5, 0],
						"1.08": [12.5, 10, 0]
					},
					"position": {
						"0.0": [0, 0.9, -0.7],
						"1.08": [0, 2.7, -6.4]
					}
				},
				"bone28": {
					"rotation": {
						"0.0": [0, -7.5, 0],
						"1.08": [0, 7.5, 0]
					}
				},
				"bone29": {
					"rotation": {
						"0.0": [0, -5, 0],
						"1.08": [0, 7.5, 0]
					},
					"position": {
						"0.0": [0.8, 0, 0],
						"1.08": [-1.1, 0, 0]
					}
				},
				"bone30": {
					"rotation": {
						"0.0": [0, -7.5, 0],
						"1.08": [0, 12.5, 0]
					},
					"position": {
						"0.0": [1.3, 0, 0],
						"1.08": [-1.5, 0, 0]
					}
				},
				"bone31": {
					"rotation": {
						"0.0": [0, -10, 0],
						"1.08": [0, 2.5, 0]
					},
					"position": {
						"0.0": [2.4, 0, 0],
						"1.08": [-0.3, 0, 0]
					}
				},
				"bone32": {
					"rotation": {
						"0.0": [0, -2, 0],
						"1.08": [0, 3, 0]
					}
				},
				"cabess": {
					"rotation": {
						"0.0": [0, -2.5, 0],
						"1.08": [0, 52.5, 0],
						"2.08": [0, 122.5, 0]
					}
				},
				"bone23": {
					"rotation": {
						"0.0": [15, 0, 0],
						"1.08": [-17.5, 0, 0],
						"2.08": [15, 0, 0]
					},
					"position": {
						"0.0": [0, -2, 11],
						"1.08": [0, -2, -20],
						"2.08": [0, -2, 11]
					}
				},
				"bone24": {
					"rotation": {
						"0.0": [-25, 0, 0],
						"1.08": [30, 0, 0],
						"2.08": [-25, 0, 0]
					},
					"position": {
						"0.0": [0, 6, 0],
						"1.08": [0, -18, 0],
						"2.08": [0, 6, 0]
					}
				},
				"bone25": {
					"rotation": {
						"0.0": [35, 0, 0],
						"1.08": [-37.5, 0, 0],
						"2.08": [35, 0, 0]
					},
					"position": {
						"0.0": [0, -3, 20],
						"1.08": [0, 7, -4],
						"2.08": [0, -3, 20]
					}
				},
				"bone26": {
					"rotation": {
						"0.0": [-10, 0, 0],
						"1.08": [25, 0, 0],
						"2.08": [-10, 0, 0]
					},
					"position": {
						"0.0": [0, 2, -3],
						"1.08": [0, -3, 17],
						"2.08": [0, 2, -3]
					}
				}
			}
		},
		"animation.ingenstego.casting": {
			"animation_length": 2.08,
			"bones": {
				"bone27": {
					"position": [0, 13.9, 0]
				},
				"bone21": {
					"rotation": {
						"0.0": [42.5, 0, 0],
						"1.04": [42.5, 0, 0],
						"2.08": [42.5, 0, 0]
					},
					"position": {
						"0.0": [0, 9.6, 31.3],
						"1.04": [0, 9.6, 31.3],
						"2.08": [0, 9.6, 31.3]
					}
				},
				"bone25": {
					"rotation": [-10, 0, 0],
					"position": [0, 0.7, 0.7]
				},
				"bone26": {
					"position": [0, 0, 12.4]
				},
				"bone22": {
					"rotation": [7.5, 0, 0],
					"position": [0, 11.5, 0]
				}
			}
		}
	}
}