{
	"format_version": "1.8.0",
	"animations": {
		"animation.ingenp.move": {
			"loop": true,
			"animation_length": 2.08,
			"bones": {
				"bone14": {
					"rotation": {
						"0.0": [16.5, -1, -2],
						"1.04": [11.5, 1, -2],
						"2.08": [16.5, -1, -2]
					},
					"position": {
						"0.0": [-0.1, 3.6, -0.1],
						"1.04": [0, 2.7, -0.1],
						"2.08": [-0.1, 3.6, -0.1]
					}
				},
				"bone15": {
					"rotation": {
						"0.0": [2, -2, 2],
						"1.04": [2, 4, 0],
						"2.08": [2, -2, 2]
					},
					"position": {
						"0.0": [-0.5, 0.4, 0],
						"1.04": [0.2, 0.4, 0],
						"2.08": [-0.5, 0.4, 0]
					}
				},
				"bone16": {
					"rotation": {
						"0.0": [8, -4, 0],
						"1.04": [8, 6, 0],
						"2.08": [8, -4, 0]
					},
					"position": {
						"0.0": [-0.2, 1.3, 0],
						"1.04": [0.3, 1.3, 0],
						"2.08": [-0.2, 1.3, 0]
					}
				},
				"bone17": {
					"rotation": {
						"0.0": [0, -2, 0],
						"1.04": [0, 3, 0],
						"2.08": [0, -2, 0]
					},
					"position": [-0.3, 0, 0]
				},
				"bone18": {
					"rotation": {
						"0.0": [0, -2, 0],
						"1.04": [0, 1, 0],
						"2.08": [0, -2, 0]
					},
					"position": {
						"0.0": [-0.3, 0, 0],
						"1.04": [0.1, 0, 0],
						"2.08": [-0.3, 0, 0]
					}
				},
				"bone19": {
					"rotation": {
						"0.0": [0, -1, 0],
						"1.04": [0, 1, 0],
						"2.08": [0, -1, 0]
					}
				},
				"bone20": {
					"rotation": {
						"0.0": [0, -2, 0],
						"1.04": [0, 1, 0],
						"2.08": [0, -2, 0]
					},
					"position": {
						"0.0": [-0.1, 0, 0],
						"1.04": [0.1, 0, 0],
						"2.08": [-0.1, 0, 0]
					}
				},
				"bone11": {
					"rotation": {
						"0.0": [10, 0, -1],
						"1.04": [8, 0, -1],
						"2.08": [10, 0, -1]
					},
					"position": {
						"0.0": [0, -2, 0],
						"2.08": [0, -2, 0]
					}
				},
				"bone12": {
					"rotation": [-5, 0, 0]
				},
				"bone13": {
					"rotation": [-5, 0, 0]
				},
				"bone10": {
					"rotation": {
						"0.0": [0, 0, -1],
						"1.04": [4, 0, -1],
						"2.08": [0, 0, -1]
					},
					"position": {
						"0.0": [0, -4, -0.6],
						"2.08": [0, -4, -0.6]
					}
				},
				"bone9": {
					"rotation": {
						"0.0": [5, 0, 0],
						"1.04": [8, 0, 0],
						"2.08": [5, 0, 0]
					},
					"position": {
						"0.0": [0, -1.2, 0],
						"1.04": [0, -2.1, 0],
						"2.08": [0, -1.2, 0]
					}
				},
				"bone22": {
					"rotation": {
						"0.0": [49, 0, 0],
						"1.04": [-8.5, 0, 0],
						"2.08": [49, 0, 0]
					},
					"position": {
						"0.0": [0, -4.4, 6.4],
						"1.04": [0, 1.4, 1.2],
						"2.08": [0, -4.4, 6.4]
					}
				},
				"bone23": {
					"rotation": {
						"0.0": [-18, 0, 0],
						"1.04": [-23, 0, 0],
						"2.08": [-18, 0, 0]
					},
					"position": {
						"0.0": [0, -0.9, -3.9],
						"1.04": [0, -0.9, -5.4],
						"2.08": [0, -0.9, -3.9]
					}
				},
				"bone27": {
					"rotation": {
						"0.0": [-4, 0, 0],
						"1.04": [44.5, 0, 0],
						"2.08": [-4, 0, 0]
					},
					"position": {
						"0.0": [0, 1.1, 0],
						"1.04": [0, 1.1, 7],
						"2.08": [0, 1.1, 0]
					}
				},
				"bone28": {
					"rotation": {
						"0.0": [-29, 0, 0],
						"2.08": [-29, 0, 0]
					},
					"position": {
						"0.0": [0, 0, -6.7],
						"2.08": [0, 0, -6.7]
					}
				},
				"bone31": {
					"rotation": {
						"0.0": [34, 0, 0],
						"2.08": [34, 0, 0]
					},
					"position": {
						"0.0": [0, 2.1, 5.1],
						"2.08": [0, 2.1, 5.1]
					}
				}
			}
		},
		"animation.ingenp.roar": {
			"loop": true
		},
		"animation.ingenp.rest": {
			"loop": true,
			"animation_length": 2.08,
			"bones": {
				"bone21": {
					"rotation": {
						"0.0": [25, 0, 0],
						"2.08": [25, 0, 0]
					},
					"position": {
						"0.0": [0, -19, 12],
						"2.08": [0, -19, 12]
					}
				},
				"bone14": {
					"rotation": {
						"0.0": [-11, -6, 4],
						"1.04": [-11, -7, 4],
						"2.08": [-11, -6, 4]
					},
					"position": {
						"0.0": [0.3, 0.6, -0.6],
						"2.08": [0.3, 0.6, -0.6]
					}
				},
				"bone15": {
					"rotation": {
						"0.0": [0, -9, 2],
						"2.08": [0, -9, 2]
					},
					"position": {
						"0.0": [-0.8, 0, 0],
						"2.08": [-0.8, 0, 0]
					}
				},
				"bone16": {
					"rotation": {
						"0.0": [0, -13, 5],
						"2.08": [0, -13, 5]
					},
					"position": {
						"0.0": [-1.4, 0.5, -0.5],
						"2.08": [-1.4, 0.5, -0.5]
					}
				},
				"bone17": {
					"rotation": {
						"0.0": [0, -7, 4],
						"2.08": [0, -7, 4]
					}
				},
				"bone18": {
					"rotation": {
						"0.0": [0, -4, 2],
						"2.08": [0, -4, 2]
					},
					"position": {
						"0.0": [-0.6, 0, 0],
						"2.08": [-0.6, 0, 0]
					}
				},
				"bone19": {
					"rotation": {
						"0.0": [0, -3, 0],
						"2.08": [0, -3, 0]
					}
				},
				"bone20": {
					"rotation": {
						"0.0": [0, -5, 0],
						"2.08": [0, -5, 0]
					},
					"position": {
						"0.0": [-0.8, 0, 0],
						"2.08": [-0.8, 0, 0]
					}
				},
				"bone11": {
					"rotation": {
						"0.0": [0, 0, 2],
						"1.04": [0, 0, 0],
						"2.08": [0, 0, 2]
					}
				},
				"bone12": {
					"rotation": {
						"0.0": [-80, 0, 0],
						"2.08": [-80, 0, 0]
					},
					"position": {
						"0.0": [0, 6.7, -18.3],
						"2.08": [0, 6.7, -18.3]
					}
				},
				"bone13": {
					"rotation": {
						"0.0": [-81, 0, 0],
						"2.08": [-81, 0, 0]
					},
					"position": {
						"0.0": [0, 7.3, -19.1],
						"2.08": [0, 7.3, -19.1]
					}
				},
				"bone10": {
					"rotation": {
						"0.0": [0, 0, 3],
						"2.08": [0, 0, 3]
					},
					"position": [-0.5, 0, 0]
				},
				"bone3": {
					"rotation": {
						"0.0": [0, 0, -1],
						"1.04": [0, 0, -3],
						"2.08": [0, 0, -1]
					}
				},
				"bone9": {
					"rotation": {
						"0.0": [0, 3, 0],
						"1.04": [0, 1, 1],
						"2.08": [0, 3, 0]
					},
					"position": {
						"0.0": [-0.5, 0, 0],
						"1.04": [-0.4, 0, 0],
						"2.08": [-0.5, 0, 0]
					}
				},
				"bone22": {
					"position": {
						"0.0": [0, 8, 2],
						"2.08": [0, 8, 2]
					}
				},
				"bone23": {
					"rotation": {
						"0.0": [20, 0, 0],
						"2.08": [20, 0, 0]
					},
					"position": {
						"0.0": [0, 2.6, 4.8],
						"2.08": [0, 2.6, 4.8]
					}
				},
				"bone24": {
					"rotation": {
						"0.0": [-127.5, 0, 0],
						"2.08": [-127.5, 0, 0]
					},
					"position": {
						"0.0": [0, 9.9, -1.3],
						"2.08": [0, 9.9, -1.3]
					}
				},
				"bone26": {
					"rotation": {
						"0.0": [96.5, 0, 0],
						"2.08": [96.5, 0, 0]
					},
					"position": {
						"0.0": [0, 9.9, 9.5],
						"2.08": [0, 9.9, 9.5]
					}
				},
				"bone27": {
					"position": {
						"0.0": [0, 6.7, 1.2],
						"2.08": [0, 6.7, 1.2]
					}
				},
				"bone28": {
					"rotation": {
						"0.0": [17.5, 0, 0],
						"2.08": [17.5, 0, 0]
					},
					"position": {
						"0.0": [0, 2, 4],
						"2.08": [0, 2, 4]
					}
				},
				"bone29": {
					"rotation": {
						"0.0": [-130, 0, 0],
						"2.08": [-130, 0, 0]
					},
					"position": {
						"0.0": [0, 9.9, -0.4],
						"2.08": [0, 9.9, -0.4]
					}
				},
				"bone31": {
					"rotation": {
						"0.0": [106.5, 0, 0],
						"2.08": [106.5, 0, 0]
					},
					"position": {
						"0.0": [0, 11.7, 9.1],
						"2.08": [0, 11.7, 9.1]
					}
				}
			}
		},
		"animation.ingenp.attack": {
			"loop": false,
			"animation_length": 1.04,
			"bones": {
				"bone14": {
					"rotation": [4, 0, 0],
					"position": {
						"0.0": [0, -0.6, 0],
						"1.04": [0, 4.1, -1.1]
					}
				},
				"bone11": {
					"rotation": {
						"0.0": [-1, 0, 0],
						"1.04": [9, 0, 0]
					},
					"position": [0, -1.7, 0]
				},
				"bone10": {
					"rotation": {
						"0.0": [-7.5, 0, 0],
						"1.04": [16.5, 0, 0]
					},
					"position": {
						"0.0": [0, -0.7, 0],
						"1.04": [0, -4.3, 0]
					}
				}
			}
		},
		"animation.ingenp.setup": {
			"loop": true,
			"animation_length": 2.08,
			"bones": {
				"bone14": {
					"rotation": {
						"0.0": [16.5, -1, -2],
						"1.04": [11.5, 1, -2],
						"2.08": [16.5, -1, -2]
					},
					"position": {
						"0.0": [-0.1, 3.6, -0.1],
						"1.04": [0, 2.7, -0.1],
						"2.08": [-0.1, 3.6, -0.1]
					}
				},
				"bone15": {
					"rotation": {
						"0.0": [2, -2, 2],
						"1.04": [2, 4, 0],
						"2.08": [2, -2, 2]
					},
					"position": {
						"0.0": [-0.5, 0.4, 0],
						"1.04": [0.2, 0.4, 0],
						"2.08": [-0.5, 0.4, 0]
					}
				},
				"bone16": {
					"rotation": {
						"0.0": [8, -4, 0],
						"1.04": [8, 6, 0],
						"2.08": [8, -4, 0]
					},
					"position": {
						"0.0": [-0.2, 1.3, 0],
						"1.04": [0.3, 1.3, 0],
						"2.08": [-0.2, 1.3, 0]
					}
				},
				"bone17": {
					"rotation": {
						"0.0": [0, -2, 0],
						"1.04": [0, 3, 0],
						"2.08": [0, -2, 0]
					},
					"position": [-0.3, 0, 0]
				},
				"bone18": {
					"rotation": {
						"0.0": [0, -2, 0],
						"1.04": [0, 1, 0],
						"2.08": [0, -2, 0]
					},
					"position": {
						"0.0": [-0.3, 0, 0],
						"1.04": [0.1, 0, 0],
						"2.08": [-0.3, 0, 0]
					}
				},
				"bone19": {
					"rotation": {
						"0.0": [0, -1, 0],
						"1.04": [0, 1, 0],
						"2.08": [0, -1, 0]
					}
				},
				"bone20": {
					"rotation": {
						"0.0": [0, -2, 0],
						"1.04": [0, 1, 0],
						"2.08": [0, -2, 0]
					},
					"position": {
						"0.0": [-0.1, 0, 0],
						"1.04": [0.1, 0, 0],
						"2.08": [-0.1, 0, 0]
					}
				},
				"bone11": {
					"rotation": {
						"0.0": [10, 0, -1],
						"1.04": [8, 0, -1],
						"2.08": [10, 0, -1]
					},
					"position": {
						"0.0": [0, -2, 0],
						"2.08": [0, -2, 0]
					}
				},
				"bone12": {
					"rotation": [-5, 0, 0]
				},
				"bone13": {
					"rotation": [-5, 0, 0]
				},
				"bone10": {
					"rotation": {
						"0.0": [0, 0, -1],
						"1.04": [4, 0, -1],
						"2.08": [0, 0, -1]
					},
					"position": {
						"0.0": [0, -4, -0.6],
						"2.08": [0, -4, -0.6]
					}
				},
				"bone9": {
					"rotation": {
						"0.0": [5, 0, 0],
						"1.04": [8, 0, 0],
						"2.08": [5, 0, 0]
					},
					"position": {
						"0.0": [0, -1.2, 0],
						"1.04": [0, -2.1, 0],
						"2.08": [0, -1.2, 0]
					}
				}
			}
		},
		"animation.ingenp.casting": {
			"loop": true,
			"animation_length": 2.08,
			"bones": {
				"bone14": {
					"rotation": {
						"0.0": [47.5, 0, 0],
						"1.04": [51.5, 0, 0],
						"2.08": [47.5, 0, 0]
					},
					"position": {
						"0.0": [0, 0, -6.2],
						"1.04": [0, 0.6, -6.5],
						"2.08": [0, 0, -6.2]
					}
				},
				"bone11": {
					"rotation": {
						"0.0": [42.5, 0, 0],
						"1.04": [43.5, 0, 0],
						"2.08": [42.5, 0, 0]
					},
					"position": {
						"0.0": [0, -22.2, 1.6],
						"2.08": [0, -22.2, 1.6]
					}
				},
				"bone12": {
					"rotation": {
						"0.0": [-45, 0, 0],
						"2.08": [-45, 0, 0]
					},
					"position": {
						"0.0": [0, -0.9, -10.3],
						"2.08": [0, -0.9, -10.3]
					}
				},
				"bone10": {
					"rotation": {
						"0.0": [72, 0, 0],
						"1.04": [69, 0, 0],
						"2.08": [72, 0, 0]
					},
					"position": {
						"0.0": [0, -30.7, 5],
						"2.08": [0, -30.7, 5]
					}
				},
				"bone8": {
					"rotation": {
						"0.0": [9, 0, 0],
						"1.04": [4, 0, 0],
						"2.08": [9, 0, 0]
					}
				},
				"bone22": {
					"rotation": {
						"0.0": [17, 0, 0],
						"2.08": [17, 0, 0]
					},
					"position": {
						"0.0": [0, -3.4, 0],
						"2.08": [0, -3.4, 0]
					}
				}
			}
		},
		"animation.ingenp.sleep": {
			"loop": true,
			"animation_length": 2.08,
			"bones": {
				"bone21": {
					"rotation": {
						"0.0": [25, 0, 0],
						"2.08": [25, 0, 0]
					},
					"position": {
						"0.0": [0, -19, 12],
						"2.08": [0, -19, 12]
					}
				},
				"bone14": {
					"rotation": {
						"0.0": [-11, -6, 4],
						"1.04": [-11, -7, 4],
						"2.08": [-11, -6, 4]
					},
					"position": {
						"0.0": [0.3, 0.6, -0.6],
						"2.08": [0.3, 0.6, -0.6]
					}
				},
				"bone15": {
					"rotation": {
						"0.0": [0, -9, 2],
						"2.08": [0, -9, 2]
					},
					"position": {
						"0.0": [-0.8, 0, 0],
						"2.08": [-0.8, 0, 0]
					}
				},
				"bone16": {
					"rotation": {
						"0.0": [0, -13, 5],
						"2.08": [0, -13, 5]
					},
					"position": {
						"0.0": [-1.4, 0.5, -0.5],
						"2.08": [-1.4, 0.5, -0.5]
					}
				},
				"bone17": {
					"rotation": {
						"0.0": [0, -7, 4],
						"2.08": [0, -7, 4]
					}
				},
				"bone18": {
					"rotation": {
						"0.0": [0, -4, 2],
						"2.08": [0, -4, 2]
					},
					"position": {
						"0.0": [-0.6, 0, 0],
						"2.08": [-0.6, 0, 0]
					}
				},
				"bone19": {
					"rotation": {
						"0.0": [0, -3, 0],
						"2.08": [0, -3, 0]
					}
				},
				"bone20": {
					"rotation": {
						"0.0": [0, -5, 0],
						"2.08": [0, -5, 0]
					},
					"position": {
						"0.0": [-0.8, 0, 0],
						"2.08": [-0.8, 0, 0]
					}
				},
				"bone11": {
					"rotation": {
						"0.0": [0, 0, 2],
						"1.04": [0, 0, 0],
						"2.08": [0, 0, 2]
					}
				},
				"bone12": {
					"rotation": {
						"0.0": [-80, 0, 0],
						"2.08": [-80, 0, 0]
					},
					"position": {
						"0.0": [0, 6.7, -18.3],
						"2.08": [0, 6.7, -18.3]
					}
				},
				"bone13": {
					"rotation": {
						"0.0": [-81, 0, 0],
						"2.08": [-81, 0, 0]
					},
					"position": {
						"0.0": [0, 7.3, -19.1],
						"2.08": [0, 7.3, -19.1]
					}
				},
				"bone10": {
					"rotation": {
						"0.0": [0, 0, 3],
						"2.08": [0, 0, 3]
					},
					"position": [-0.5, 0, 0]
				},
				"bone3": {
					"rotation": {
						"0.0": [0, 0, -1],
						"1.04": [0, 0, -3],
						"2.08": [0, 0, -1]
					}
				},
				"bone9": {
					"rotation": {
						"0.0": [12, 3, 0],
						"1.04": [0, 1, 1],
						"2.08": [12, 3, 0]
					},
					"position": {
						"0.0": [-0.5, -3.1, 0],
						"1.04": [-0.4, 0, 0],
						"2.08": [-0.5, -3.1, 0]
					}
				},
				"bone22": {
					"position": {
						"0.0": [0, 8, 2],
						"2.08": [0, 8, 2]
					}
				},
				"bone23": {
					"rotation": {
						"0.0": [20, 0, 0],
						"2.08": [20, 0, 0]
					},
					"position": {
						"0.0": [0, 2.6, 4.8],
						"2.08": [0, 2.6, 4.8]
					}
				},
				"bone24": {
					"rotation": {
						"0.0": [-127.5, 0, 0],
						"2.08": [-127.5, 0, 0]
					},
					"position": {
						"0.0": [0, 9.9, -1.3],
						"2.08": [0, 9.9, -1.3]
					}
				},
				"bone26": {
					"rotation": {
						"0.0": [96.5, 0, 0],
						"2.08": [96.5, 0, 0]
					},
					"position": {
						"0.0": [0, 9.9, 9.5],
						"2.08": [0, 9.9, 9.5]
					}
				},
				"bone27": {
					"position": {
						"0.0": [0, 6.7, 1.2],
						"2.08": [0, 6.7, 1.2]
					}
				},
				"bone28": {
					"rotation": {
						"0.0": [17.5, 0, 0],
						"2.08": [17.5, 0, 0]
					},
					"position": {
						"0.0": [0, 2, 4],
						"2.08": [0, 2, 4]
					}
				},
				"bone29": {
					"rotation": {
						"0.0": [-130, 0, 0],
						"2.08": [-130, 0, 0]
					},
					"position": {
						"0.0": [0, 9.9, -0.4],
						"2.08": [0, 9.9, -0.4]
					}
				},
				"bone31": {
					"rotation": {
						"0.0": [106.5, 0, 0],
						"2.08": [106.5, 0, 0]
					},
					"position": {
						"0.0": [0, 11.7, 9.1],
						"2.08": [0, 11.7, 9.1]
					}
				}
			}
		}
	}
}