{
	"format_version": "1.8.0",
	"animations": {
		"animation.parad.move": {
			"loop": true,
			"animation_length": 2.08,
			"bones": {
				"bone12": {
					"rotation": {
						"0.0": [-21, 0, 0],
						"1.04": [36.5, 0, 0],
						"2.08": [-21, 0, 0]
					},
					"position": {
						"0.0": [0, 0, -13.9],
						"1.04": [0, 7.4, 16.6],
						"2.08": [0, 0, -13.9]
					}
				},
				"bone8": {
					"rotation": {
						"0.0": [27.5, 0, 0],
						"1.08": [-29.5, 0, 0],
						"2.08": [27.5, 0, 0]
					},
					"position": {
						"0.0": [0, 4.9, 15.5],
						"1.08": [0, -0.07, -18.55],
						"2.08": [0, 4.9, 15.5]
					}
				},
				"bone5": {
					"rotation": {
						"0.0": [2.5, 0, 0],
						"1.04": [0, 0, 0],
						"2.08": [2.5, 0, 0]
					},
					"position": {
						"0.0": [0, 0, 0],
						"2.08": [0, 0, 0]
					}
				},
				"bone18": {
					"rotation": {
						"0.0": [2.5, 0, 0],
						"1.04": [5, 0, 0],
						"2.08": [2.5, 0, 0]
					},
					"position": [0, 1, 0]
				},
				"bone2": {
					"rotation": [0, 0, 0],
					"position": [0, 0, 0]
				},
				"bone4": {
					"rotation": {
						"0.0": [0, -8, 0],
						"1.08": [0, 7, 0],
						"2.08": [0, -8, 0]
					},
					"position": {
						"0.0": [1, 0, -0.4],
						"1.08": [-1, 0, -0.4],
						"2.08": [1, 0, -0.4]
					}
				},
				"bone20": {
					"rotation": {
						"0.0": [0, -6, 0],
						"1.08": [0, 6, 0],
						"2.08": [0, -6, 0]
					},
					"position": {
						"0.0": [2, 0, 0],
						"1.08": [-2.5, 0, 0],
						"2.08": [2, 0, 0]
					}
				},
				"bone21": {
					"rotation": {
						"0.0": [0, -3, 0],
						"1.08": [0, 18, 0],
						"2.08": [0, -3, 0]
					},
					"position": {
						"0.0": [2, 0, 0],
						"1.08": [-11, 0, 0.9],
						"2.08": [2, 0, 0]
					}
				},
				"bone22": {
					"rotation": {
						"0.0": [0, -2, 0],
						"1.08": [0, 5, 0],
						"2.08": [0, -2, 0]
					},
					"position": {
						"0.0": [1.6, 0, 0],
						"1.08": [-4.2, 0, 0],
						"2.08": [1.6, 0, 0]
					}
				},
				"bone23": {
					"rotation": {
						"0.0": [0, -7, 0],
						"1.08": [0, 3, 0],
						"2.08": [0, -7, 0]
					},
					"position": {
						"0.0": [6.8, 0, 0],
						"1.08": [-3.1, 0, 0],
						"2.08": [6.8, 0, 0]
					}
				}
			}
		},
		"animation.parad.setup": {
			"loop": true,
			"animation_length": 2.08,
			"bones": {
				"bone": {
					"position": [0, -2, 0]
				},
				"bone2": {
					"rotation": [0, 0, 0],
					"position": [0, 0, 0]
				},
				"bone5": {
					"rotation": {
						"0.0": [2.5, 0, 0],
						"1.04": [0, 0, 0],
						"2.08": [2.5, 0, 0]
					},
					"position": {
						"0.0": [0, 0, 0],
						"2.08": [0, 0, 0]
					}
				},
				"bone18": {
					"rotation": {
						"0.0": [2.5, 0, 0],
						"1.04": [5, 0, 0],
						"2.08": [2.5, 0, 0]
					},
					"position": [0, 1, 0]
				},
				"bone4": {
					"rotation": {
						"0.0": [0, -8, 0],
						"1.08": [0, 7, 0],
						"2.08": [0, -8, 0]
					},
					"position": {
						"0.0": [1, 0, -0.4],
						"1.08": [-1, 0, -0.4],
						"2.08": [1, 0, -0.4]
					}
				},
				"bone20": {
					"rotation": {
						"0.0": [0, -6, 0],
						"1.08": [0, 6, 0],
						"2.08": [0, -6, 0]
					},
					"position": {
						"0.0": [2, 0, 0],
						"1.08": [-2.5, 0, 0],
						"2.08": [2, 0, 0]
					}
				},
				"bone21": {
					"rotation": {
						"0.0": [0, -3, 0],
						"1.08": [0, 18, 0],
						"2.08": [0, -3, 0]
					},
					"position": {
						"0.0": [2, 0, 0],
						"1.08": [-11, 0, 0.9],
						"2.08": [2, 0, 0]
					}
				},
				"bone22": {
					"rotation": {
						"0.0": [0, -2, 0],
						"1.08": [0, 5, 0],
						"2.08": [0, -2, 0]
					},
					"position": {
						"0.0": [1.6, 0, 0],
						"1.08": [-4.2, 0, 0],
						"2.08": [1.6, 0, 0]
					}
				},
				"bone23": {
					"rotation": {
						"0.0": [0, -7, 0],
						"1.08": [0, 3, 0],
						"2.08": [0, -7, 0]
					},
					"position": {
						"0.0": [6.8, 0, 0],
						"1.08": [-3.1, 0, 0],
						"2.08": [6.8, 0, 0]
					}
				}
			}
		},
		"animation.parad.swin": {
			"loop": true,
			"animation_length": 2.08,
			"bones": {
				"bone": {
					"position": [0, -18, 0]
				},
				"bone2": {
					"rotation": [0, 0, 0],
					"position": [0, 0, 0]
				},
				"bone5": {
					"rotation": {
						"0.0": [2.5, 0, 0],
						"1.04": [0, 0, 0],
						"2.08": [2.5, 0, 0]
					},
					"position": {
						"0.0": [0, 0, 0],
						"2.08": [0, 0, 0]
					}
				},
				"bone18": {
					"rotation": {
						"0.0": [2.5, 0, 0],
						"1.04": [5, 0, 0],
						"2.08": [2.5, 0, 0]
					},
					"position": [0, 1, 0]
				},
				"bone4": {
					"rotation": {
						"0.0": [0, -8, 0],
						"1.08": [0, 7, 0],
						"2.08": [0, -8, 0]
					},
					"position": {
						"0.0": [1, 0, -0.4],
						"1.08": [-1, 0, -0.4],
						"2.08": [1, 0, -0.4]
					}
				},
				"bone20": {
					"rotation": {
						"0.0": [0, -6, 0],
						"1.08": [0, 6, 0],
						"2.08": [0, -6, 0]
					},
					"position": {
						"0.0": [2, 0, 0],
						"1.08": [-2.5, 0, 0],
						"2.08": [2, 0, 0]
					}
				},
				"bone21": {
					"rotation": {
						"0.0": [0, -3, 0],
						"1.08": [0, 18, 0],
						"2.08": [0, -3, 0]
					},
					"position": {
						"0.0": [2, 0, 0],
						"1.08": [-11, 0, 0.9],
						"2.08": [2, 0, 0]
					}
				},
				"bone22": {
					"rotation": {
						"0.0": [0, -2, 0],
						"1.08": [0, 5, 0],
						"2.08": [0, -2, 0]
					},
					"position": {
						"0.0": [1.6, 0, 0],
						"1.08": [-4.2, 0, 0],
						"2.08": [1.6, 0, 0]
					}
				},
				"bone23": {
					"rotation": {
						"0.0": [0, -7, 0],
						"1.08": [0, 3, 0],
						"2.08": [0, -7, 0]
					},
					"position": {
						"0.0": [6.8, 0, 0],
						"1.08": [-3.1, 0, 0],
						"2.08": [6.8, 0, 0]
					}
				},
				"bone12": {
					"rotation": {
						"0.0": [55, 0, 0],
						"1.04": [80, 0, 0],
						"2.08": [55, 0, 0]
					},
					"position": {
						"0.0": [0, 16.3, 23.2],
						"1.04": [0, 29, 24.2],
						"2.08": [0, 16.3, 23.2]
					}
				},
				"bone8": {
					"rotation": {
						"0.0": [60, 0, 0],
						"1.04": [35, 0, 0],
						"2.08": [60, 0, 0]
					},
					"position": {
						"0.0": [0, 19, 23],
						"1.04": [0, 8.2, 17.1],
						"2.08": [0, 19, 23]
					}
				},
				"bone25": {
					"rotation": {
						"0.0": [-32.5, 0, 0],
						"1.04": [-25, 0, 0],
						"2.08": [-32.5, 0, 0]
					}
				}
			}
		},
		"animation.parad.sleep": {
			"loop": true,
			"animation_length": 2.08,
			"bones": {
				"bone": {
					"position": [0, -2, 0]
				},
				"bone2": {
					"rotation": [0, 0, 0],
					"position": [0, 0, 0]
				},
				"bone5": {
					"rotation": {
						"0.0": [2.5, 0, 0],
						"1.04": [0, 0, 0],
						"2.08": [2.5, 0, 0]
					},
					"position": [0, -10.2, 0]
				},
				"bone18": {
					"rotation": {
						"0.0": [2.5, 0, 0],
						"1.04": [5, 0, 0],
						"2.08": [2.5, 0, 0]
					},
					"position": [0, 1, 0]
				},
				"bone4": {
					"rotation": {
						"0.0": [0, -8, 0],
						"1.08": [0, 7, 0],
						"2.08": [0, -8, 0]
					},
					"position": {
						"0.0": [1, 0, -0.4],
						"1.08": [-1, 0, -0.4],
						"2.08": [1, 0, -0.4]
					}
				},
				"bone20": {
					"rotation": {
						"0.0": [0, -6, 0],
						"1.08": [0, 6, 0],
						"2.08": [0, -6, 0]
					},
					"position": {
						"0.0": [2, 0, 0],
						"1.08": [-2.5, 0, 0],
						"2.08": [2, 0, 0]
					}
				},
				"bone21": {
					"rotation": {
						"0.0": [0, -3, 0],
						"1.08": [0, 18, 0],
						"2.08": [0, -3, 0]
					},
					"position": {
						"0.0": [2, 0, 0],
						"1.08": [-11, 0, 0.9],
						"2.08": [2, 0, 0]
					}
				},
				"bone22": {
					"rotation": {
						"0.0": [0, -2, 0],
						"1.08": [0, 5, 0],
						"2.08": [0, -2, 0]
					},
					"position": {
						"0.0": [1.6, 0, 0],
						"1.08": [-4.2, 0, 0],
						"2.08": [1.6, 0, 0]
					}
				},
				"bone23": {
					"rotation": {
						"0.0": [0, -7, 0],
						"1.08": [0, 3, 0],
						"2.08": [0, -7, 0]
					},
					"position": {
						"0.0": [6.8, 0, 0],
						"1.08": [-3.1, 0, 0],
						"2.08": [6.8, 0, 0]
					}
				},
				"bone12": {
					"position": [0, -12.4, 0]
				},
				"bone13": {
					"rotation": [52.5, 0, 0],
					"position": [0, 12, 13.9]
				},
				"bone14": {
					"rotation": [-128, 0, 0],
					"position": [0, 24.6, -13.3]
				},
				"bone15": {
					"rotation": [80, 0, 0],
					"position": [0, 5.6, 4.4]
				},
				"bone8": {
					"position": [0, -11.3, 0]
				},
				"bone9": {
					"rotation": [41, 0, 0],
					"position": [0, 9.5, 11.6]
				},
				"bone10": {
					"rotation": [-115, 0, 0],
					"position": [0, 20.9, -15]
				},
				"bone11": {
					"rotation": [77, 0, 0],
					"position": [0, 6.5, 3.5]
				}
			}
		},
		"animation.parad.rest": {
			"loop": true,
			"animation_length": 2.08,
			"bones": {
				"bone": {
					"position": [0, -2, 0]
				},
				"bone2": {
					"rotation": [0, 0, 0],
					"position": [0, 0, 0]
				},
				"bone5": {
					"rotation": {
						"0.0": [2.5, 0, 0],
						"1.04": [0, 0, 0],
						"2.08": [2.5, 0, 0]
					},
					"position": [0, -10.2, 0]
				},
				"bone18": {
					"rotation": {
						"0.0": [2.5, 0, 0],
						"1.04": [5, 0, 0],
						"2.08": [2.5, 0, 0]
					},
					"position": [0, 1, 0]
				},
				"bone4": {
					"rotation": {
						"0.0": [0, -8, 0],
						"1.08": [0, 7, 0],
						"2.08": [0, -8, 0]
					},
					"position": {
						"0.0": [1, 0, -0.4],
						"1.08": [-1, 0, -0.4],
						"2.08": [1, 0, -0.4]
					}
				},
				"bone20": {
					"rotation": {
						"0.0": [0, -6, 0],
						"1.08": [0, 6, 0],
						"2.08": [0, -6, 0]
					},
					"position": {
						"0.0": [2, 0, 0],
						"1.08": [-2.5, 0, 0],
						"2.08": [2, 0, 0]
					}
				},
				"bone21": {
					"rotation": {
						"0.0": [0, -3, 0],
						"1.08": [0, 18, 0],
						"2.08": [0, -3, 0]
					},
					"position": {
						"0.0": [2, 0, 0],
						"1.08": [-11, 0, 0.9],
						"2.08": [2, 0, 0]
					}
				},
				"bone22": {
					"rotation": {
						"0.0": [0, -2, 0],
						"1.08": [0, 5, 0],
						"2.08": [0, -2, 0]
					},
					"position": {
						"0.0": [1.6, 0, 0],
						"1.08": [-4.2, 0, 0],
						"2.08": [1.6, 0, 0]
					}
				},
				"bone23": {
					"rotation": {
						"0.0": [0, -7, 0],
						"1.08": [0, 3, 0],
						"2.08": [0, -7, 0]
					},
					"position": {
						"0.0": [6.8, 0, 0],
						"1.08": [-3.1, 0, 0],
						"2.08": [6.8, 0, 0]
					}
				},
				"bone12": {
					"position": [0, -12.4, 0]
				},
				"bone13": {
					"rotation": [52.5, 0, 0],
					"position": [0, 12, 13.9]
				},
				"bone14": {
					"rotation": [-128, 0, 0],
					"position": [0, 24.6, -13.3]
				},
				"bone15": {
					"rotation": [80, 0, 0],
					"position": [0, 5.6, 4.4]
				},
				"bone8": {
					"position": [0, -11.3, 0]
				},
				"bone9": {
					"rotation": [41, 0, 0],
					"position": [0, 9.5, 11.6]
				},
				"bone10": {
					"rotation": [-115, 0, 0],
					"position": [0, 20.9, -15]
				},
				"bone11": {
					"rotation": [77, 0, 0],
					"position": [0, 6.5, 3.5]
				}
			}
		},
		"animation.parad.casting": {
			"animation_length": 3.64,
			"bones": {
				"bone18": {
					"rotation": [9, 0, 0],
					"position": [0, 1.2, 3.9]
				},
				"bone2": {
					"rotation": {
						"0.04": [0, 0, 0],
						"0.52": [35, 0, 0],
						"1.04": [0, 0, 0]
					},
					"position": {
						"0.04": [0, 0, 0],
						"0.28": [0, 4.8, 11.25],
						"0.52": [0, 11.6, 22.5],
						"0.8": [0, 4.8, 11.25],
						"1.04": [0, 0, 0]
					}
				},
				"bone5": {
					"rotation": {
						"0.0": [-27.5, 0, 0],
						"3.64": [-27.5, 0, 0]
					},
					"position": [0, 2.3, 2.5]
				}
			}
		},
		"animation.parad.attack": {
			"animation_length": 1.04,
			"bones": {
				"bone18": {
					"rotation": [9, 0, 0],
					"position": [0, 1.2, 3.9]
				},
				"bone2": {
					"rotation": {
						"0.04": [0, 0, 0],
						"0.52": [35, 0, 0],
						"1.04": [0, 0, 0]
					},
					"position": {
						"0.04": [0, 0, 0],
						"0.28": [0, 4.8, 11.25],
						"0.52": [0, 11.6, 22.5],
						"0.8": [0, 4.8, 11.25],
						"1.04": [0, 0, 0]
					}
				},
				"bone5": {
					"rotation": {
						"0.0": [-27.5, 0, 0],
						"0.52": [27.5, 0, 0],
						"1.04": [-27.5, 0, 0]
					},
					"position": {
						"0.0": [0, 2.3, 2.5],
						"1.04": [0, 2.3, 2.5]
					}
				}
			}
		}
	}
}