{
	"format_version": "1.8.0",
	"animations": {
		"animation.rf.move": {
			"loop": true,
			"animation_length": 2.08,
			"bones": {
				"Body1": {
					"rotation": {
						"0.0": [0, 0, 0],
						"1.04": [5, 0, 0],
						"2.08": [0, 0, 0]
					},
					"position": {
						"0.0": [0, 2, 0],
						"1.04": [0, 1, 0],
						"2.08": [0, 2, 0]
					}
				},
				"Arm1": {
					"rotation": {
						"0.0": [-17.5, 0, 0],
						"1.04": [35, 0, 0],
						"2.08": [-17.5, 0, 0]
					},
					"position": {
						"0.0": [0, -1, 0],
						"2.08": [0, -1, 0]
					}
				},
				"Arm2": {
					"rotation": {
						"0.0": [-15, 0, 0],
						"1.04": [30, 0, 0],
						"2.08": [-15, 0, 0]
					},
					"position": {
						"0.0": [0, -1, 0],
						"2.08": [0, -1, 0]
					}
				},
				"Leg1": {
					"rotation": {
						"0.0": [120, 0, 0],
						"1.04": [0, 0, 0],
						"2.08": [120, 0, 0]
					},
					"position": {
						"0.0": [0, 5.8, 0],
						"1.04": [0, 0, 0],
						"2.08": [0, 5.8, 0]
					}
				},
				"bone": {
					"rotation": {
						"0.0": [0, 0, 0],
						"2.08": [0, 0, 0]
					},
					"position": {
						"0.0": [0, 0, 0],
						"2.08": [0, 0, 0]
					}
				},
				"Leg2": {
					"rotation": {
						"0.0": [115, 0, 0],
						"1.04": [0, 0, 0],
						"2.08": [115, 0, 0]
					},
					"position": {
						"0.0": [0, 5.8, 0],
						"1.04": [0, 0, 0],
						"2.08": [0, 5.8, 0]
					}
				},
				"bone3": {
					"rotation": {
						"0.0": [0, 0, 0],
						"2.08": [0, 0, 0]
					}
				}
			}
		},
		"animation.rf.setup": {
			"loop": true,
			"animation_length": 2.08,
			"bones": {
				"Body1": {
					"rotation": {
						"0.0": [0, 0, 0],
						"1.04": [5, 0, 0],
						"2.08": [0, 0, 0]
					},
					"position": {
						"0.0": [0, 2, 0],
						"1.04": [0, 1, 0],
						"2.08": [0, 2, 0]
					}
				},
				"Arm1": {
					"position": {
						"0.0": [0, -2, 0],
						"1.04": [0, -1, 0],
						"2.08": [0, -2, 0]
					}
				},
				"Arm2": {
					"position": {
						"0.0": [0, -2, 0],
						"1.04": [0, -1, 0],
						"2.08": [0, -2, 0]
					}
				},
				"bone": {
					"rotation": {
						"0.0": [0, 0, 0],
						"2.08": [0, 0, 0]
					},
					"position": {
						"0.0": [0, 0, 0],
						"2.08": [0, 0, 0]
					}
				},
				"bone3": {
					"rotation": {
						"0.0": [0, 0, 0],
						"2.08": [0, 0, 0]
					}
				}
			}
		},
		"animation.rf.look_at_target": {
			"animation_length": 2.08,
			"bones": {
				"Body1": {
					"rotation": {
						"0.0": [0, 0, 0],
						"2.08": [0, 0, 0]
					},
					"position": {
						"0.0": [0, 0, 0],
						"2.08": [0, 0, 0]
					}
				},
				"Head": {
					"rotation": {
						"0.0": [0, 0, 0],
						"2.08": [0, 0, 0]
					},
					"position": {
						"0.0": [0, 0, 0],
						"2.08": [0, 0, 0]
					}
				}
			}
		}
	}
}