{
	"format_version": "1.8.0",
	"animations": {
		"animation.sinomasrani.move": {
			"loop": true,
			"animation_length": 2.08,
			"bones": {
				"bone2": {
					"rotation": {
						"0.0": [2.5, 0, 0],
						"1.04": [0, 0, 0],
						"2.08": [2.5, 0, 0]
					},
					"position": {
						"0.0": [0, -4, 0],
						"1.04": [0, -1, 0],
						"2.08": [0, -4, 0]
					}
				},
				"bone": {
					"rotation": {
						"0.0": [2.5, 0, 0],
						"1.04": [0, 0, 0],
						"2.08": [2.5, 0, 0]
					},
					"position": {
						"0.0": [0, 0, 0],
						"2.08": [0, 0, 0]
					}
				},
				"bone5": {
					"rotation": {
						"0.0": [5, -10, 5],
						"1.04": [5, 5, -10],
						"2.08": [5, -10, 5]
					},
					"position": {
						"0.0": [0.3, 0, 0],
						"1.04": [0.5, 0, -0.7],
						"2.08": [0.3, 0, 0]
					}
				},
				"bone6": {
					"rotation": {
						"0.0": [0, -7.5, 0],
						"1.04": [0, 7.5, 0],
						"2.08": [0, -7.5, 0]
					},
					"position": {
						"0.0": [0, 0, 0],
						"2.08": [0, 0, 0]
					}
				},
				"bone7": {
					"rotation": {
						"0.0": [0, -10, 0],
						"1.04": [0, 5, 0],
						"2.08": [0, -10, 0]
					},
					"position": {
						"0.0": [-0.7, 0, 0],
						"1.04": [0.5, 0, 0],
						"2.08": [-0.7, 0, 0]
					}
				},
				"bone8": {
					"rotation": {
						"0.0": [0, -5, 0],
						"1.04": [0, 5, 0],
						"2.08": [0, -5, 0]
					},
					"position": {
						"0.0": [0, 0, 0],
						"1.04": [0.1, 0, 0],
						"2.08": [0, 0, 0]
					}
				},
				"bone9": {
					"rotation": {
						"0.0": [0, -2.5, 0],
						"1.04": [0, 7.5, 0],
						"2.08": [0, -2.5, 0]
					},
					"position": {
						"0.0": [0.6, 0, 0],
						"1.04": [-1.9, 0, 0],
						"2.08": [0.6, 0, 0]
					}
				},
				"bone10": {
					"rotation": {
						"0.0": [0, -5, 0],
						"1.04": [0, 7.5, 0],
						"2.08": [0, -5, 0]
					},
					"position": {
						"0.0": [0, 0, 0],
						"1.04": [0, 0, 0],
						"2.08": [0, 0, 0]
					}
				},
				"bone11": {
					"rotation": {
						"0.0": [0, -5, 0],
						"1.04": [0, 10, 0],
						"2.08": [0, -5, 0]
					},
					"position": {
						"0.0": [0, 0, 0],
						"1.04": [-0.7, 0, 0],
						"2.08": [0, 0, 0]
					}
				},
				"bone13": {
					"rotation": {
						"0.0": [10, 0, 0],
						"1.0": [-27.5, 0, 0],
						"2.08": [10, 0, 0]
					},
					"position": {
						"0.0": [0, 0, 0],
						"1.0": [0, 0, 7],
						"2.08": [0, 0, 0]
					}
				},
				"bone18": {
					"rotation": {
						"0.0": [-25, 0, 0],
						"1.0": [27.5, 0, 0],
						"2.08": [-25, 0, 0]
					},
					"position": {
						"0.0": [0, 0, 8],
						"1.0": [0, -10.9, -9.8],
						"2.08": [0, 0, 8]
					}
				},
				"bone19": {
					"rotation": {
						"0.0": [-15, 0, 0],
						"1.0": [-5, 0, 0],
						"2.08": [-15, 0, 0]
					},
					"position": {
						"0.0": [0, 0, 2.2],
						"2.08": [0, 0, 2.2]
					}
				},
				"bone20": {
					"rotation": [-5, 0, 0],
					"position": {
						"0.0": [0, 0.5, 0.4],
						"1.0": [0, 0.3, 1],
						"2.08": [0, 0.5, 0.4]
					}
				},
				"bone22": {
					"rotation": {
						"0.0": [-15, 0, 0],
						"1.0": [12.5, 0, 0],
						"2.08": [-15, 0, 0]
					},
					"position": [0, -3.5, -3]
				},
				"bone23": {
					"rotation": {
						"0.0": [17.5, 0, 0],
						"1.0": [-45, 0, 0],
						"2.08": [17.5, 0, 0]
					},
					"position": {
						"0.0": [0, -2, 0],
						"1.0": [0, 1.9, 3.1],
						"2.08": [0, -2, 0]
					}
				}
			}
		},
		"animation.sinomasrani.setup": {
			"loop": true,
			"animation_length": 2.08,
			"bones": {
				"bone2": {
					"rotation": {
						"0.0": [2.5, 0, 0],
						"1.04": [0, 0, 0],
						"2.08": [2.5, 0, 0]
					},
					"position": {
						"0.0": [0, -4, 0],
						"1.04": [0, -1, 0],
						"2.08": [0, -4, 0]
					}
				},
				"bone": {
					"rotation": {
						"0.0": [2.5, 0, 0],
						"1.04": [0, 0, 0],
						"2.08": [2.5, 0, 0]
					},
					"position": {
						"0.0": [0, 0, 0],
						"2.08": [0, 0, 0]
					}
				},
				"bone5": {
					"rotation": {
						"0.0": [5, -10, 5],
						"1.04": [5, 5, -10],
						"2.08": [5, -10, 5]
					},
					"position": {
						"0.0": [0.3, 0, 0],
						"1.04": [0.5, 0, -0.7],
						"2.08": [0.3, 0, 0]
					}
				},
				"bone6": {
					"rotation": {
						"0.0": [0, -7.5, 0],
						"1.04": [0, 7.5, 0],
						"2.08": [0, -7.5, 0]
					},
					"position": {
						"0.0": [0, 0, 0],
						"2.08": [0, 0, 0]
					}
				},
				"bone7": {
					"rotation": {
						"0.0": [0, -10, 0],
						"1.04": [0, 5, 0],
						"2.08": [0, -10, 0]
					},
					"position": {
						"0.0": [-0.7, 0, 0],
						"1.04": [0.5, 0, 0],
						"2.08": [-0.7, 0, 0]
					}
				},
				"bone8": {
					"rotation": {
						"0.0": [0, -5, 0],
						"1.04": [0, 5, 0],
						"2.08": [0, -5, 0]
					},
					"position": {
						"0.0": [0, 0, 0],
						"1.04": [0.1, 0, 0],
						"2.08": [0, 0, 0]
					}
				},
				"bone9": {
					"rotation": {
						"0.0": [0, -2.5, 0],
						"1.04": [0, 7.5, 0],
						"2.08": [0, -2.5, 0]
					},
					"position": {
						"0.0": [0.6, 0, 0],
						"1.04": [-1.9, 0, 0],
						"2.08": [0.6, 0, 0]
					}
				},
				"bone10": {
					"rotation": {
						"0.0": [0, -5, 0],
						"1.04": [0, 7.5, 0],
						"2.08": [0, -5, 0]
					},
					"position": {
						"0.0": [0, 0, 0],
						"1.04": [0, 0, 0],
						"2.08": [0, 0, 0]
					}
				},
				"bone11": {
					"rotation": {
						"0.0": [0, -5, 0],
						"1.04": [0, 10, 0],
						"2.08": [0, -5, 0]
					},
					"position": {
						"0.0": [0, 0, 0],
						"1.04": [-0.7, 0, 0],
						"2.08": [0, 0, 0]
					}
				}
			}
		},
		"animation.sinomasrani.rest": {
			"loop": true,
			"animation_length": 2.08,
			"bones": {
				"bone2": {
					"rotation": {
						"0.0": [2.5, 0, 0],
						"1.04": [0, 0, 0],
						"2.08": [2.5, 0, 0]
					},
					"position": {
						"0.0": [0, -4, 0],
						"1.04": [0, -1, 0],
						"2.08": [0, -4, 0]
					}
				},
				"bone": {
					"rotation": {
						"0.0": [2.5, 0, 0],
						"1.04": [0, 0, 0],
						"2.08": [2.5, 0, 0]
					},
					"position": {
						"0.0": [0, 0, 0],
						"2.08": [0, 0, 0]
					}
				},
				"bone5": {
					"rotation": {
						"0.0": [5, -10, 5],
						"1.04": [5, 5, -10],
						"2.08": [5, -10, 5]
					},
					"position": {
						"0.0": [0.3, 0, 0],
						"1.04": [0.5, 0, -0.7],
						"2.08": [0.3, 0, 0]
					}
				},
				"bone6": {
					"rotation": {
						"0.0": [0, -7.5, 0],
						"1.04": [0, 7.5, 0],
						"2.08": [0, -7.5, 0]
					},
					"position": {
						"0.0": [0, 0, 0],
						"2.08": [0, 0, 0]
					}
				},
				"bone7": {
					"rotation": {
						"0.0": [0, -10, 0],
						"1.04": [0, 5, 0],
						"2.08": [0, -10, 0]
					},
					"position": {
						"0.0": [-0.7, 0, 0],
						"1.04": [0.5, 0, 0],
						"2.08": [-0.7, 0, 0]
					}
				},
				"bone8": {
					"rotation": {
						"0.0": [0, -5, 0],
						"1.04": [0, 5, 0],
						"2.08": [0, -5, 0]
					},
					"position": {
						"0.0": [0, 0, 0],
						"1.04": [0.1, 0, 0],
						"2.08": [0, 0, 0]
					}
				},
				"bone9": {
					"rotation": {
						"0.0": [0, -2.5, 0],
						"1.04": [0, 7.5, 0],
						"2.08": [0, -2.5, 0]
					},
					"position": {
						"0.0": [0.6, 0, 0],
						"1.04": [-1.9, 0, 0],
						"2.08": [0.6, 0, 0]
					}
				},
				"bone10": {
					"rotation": {
						"0.0": [0, -5, 0],
						"1.04": [0, 7.5, 0],
						"2.08": [0, -5, 0]
					},
					"position": {
						"0.0": [0, 0, 0],
						"1.04": [0, 0, 0],
						"2.08": [0, 0, 0]
					}
				},
				"bone11": {
					"rotation": {
						"0.0": [0, -5, 0],
						"1.04": [0, 10, 0],
						"2.08": [0, -5, 0]
					},
					"position": {
						"0.0": [0, 0, 0],
						"1.04": [-0.7, 0, 0],
						"2.08": [0, 0, 0]
					}
				},
				"bone13": {
					"rotation": [62.5, 0, 0],
					"position": [0, -35, -10]
				},
				"bone18": {
					"rotation": [67.5, 0, 0],
					"position": [0, -33, -8]
				},
				"bone22": {
					"rotation": [-70, 0, 0],
					"position": [0, -4, 16]
				},
				"bone23": {
					"rotation": [-75, 0, 0],
					"position": [0, 0, 11]
				},
				"bone3": {
					"position": [0, -14, 0]
				}
			}
		},
		"animation.sinomasrani.sleep": {
			"loop": true,
			"animation_length": 2.08,
			"bones": {
				"bone2": {
					"rotation": {
						"0.0": [2.5, 0, 0],
						"1.04": [0, 0, 0],
						"2.08": [2.5, 0, 0]
					},
					"position": {
						"0.0": [0, -4, 0],
						"1.04": [0, -1, 0],
						"2.08": [0, -4, 0]
					}
				},
				"bone": {
					"rotation": {
						"0.0": [2.5, 0, 0],
						"1.04": [0, 0, 0],
						"2.08": [2.5, 0, 0]
					},
					"position": {
						"0.0": [0, 0, 0],
						"2.08": [0, 0, 0]
					}
				},
				"bone5": {
					"rotation": {
						"0.0": [5, -10, 5],
						"1.04": [5, 5, -10],
						"2.08": [5, -10, 5]
					},
					"position": {
						"0.0": [0.3, 0, 0],
						"1.04": [0.5, 0, -0.7],
						"2.08": [0.3, 0, 0]
					}
				},
				"bone6": {
					"rotation": {
						"0.0": [0, -7.5, 0],
						"1.04": [0, 7.5, 0],
						"2.08": [0, -7.5, 0]
					},
					"position": {
						"0.0": [0, 0, 0],
						"2.08": [0, 0, 0]
					}
				},
				"bone7": {
					"rotation": {
						"0.0": [0, -10, 0],
						"1.04": [0, 5, 0],
						"2.08": [0, -10, 0]
					},
					"position": {
						"0.0": [-0.7, 0, 0],
						"1.04": [0.5, 0, 0],
						"2.08": [-0.7, 0, 0]
					}
				},
				"bone8": {
					"rotation": {
						"0.0": [0, -5, 0],
						"1.04": [0, 5, 0],
						"2.08": [0, -5, 0]
					},
					"position": {
						"0.0": [0, 0, 0],
						"1.04": [0.1, 0, 0],
						"2.08": [0, 0, 0]
					}
				},
				"bone9": {
					"rotation": {
						"0.0": [0, -2.5, 0],
						"1.04": [0, 7.5, 0],
						"2.08": [0, -2.5, 0]
					},
					"position": {
						"0.0": [0.6, 0, 0],
						"1.04": [-1.9, 0, 0],
						"2.08": [0.6, 0, 0]
					}
				},
				"bone10": {
					"rotation": {
						"0.0": [0, -5, 0],
						"1.04": [0, 7.5, 0],
						"2.08": [0, -5, 0]
					},
					"position": {
						"0.0": [0, 0, 0],
						"1.04": [0, 0, 0],
						"2.08": [0, 0, 0]
					}
				},
				"bone11": {
					"rotation": {
						"0.0": [0, -5, 0],
						"1.04": [0, 10, 0],
						"2.08": [0, -5, 0]
					},
					"position": {
						"0.0": [0, 0, 0],
						"1.04": [-0.7, 0, 0],
						"2.08": [0, 0, 0]
					}
				},
				"bone13": {
					"rotation": [62.5, 0, 0],
					"position": [0, -35, -10]
				},
				"bone18": {
					"rotation": [67.5, 0, 0],
					"position": [0, -33, -8]
				},
				"bone22": {
					"rotation": [-70, 0, 0],
					"position": [0, -4, 16]
				},
				"bone23": {
					"rotation": [-75, 0, 0],
					"position": [0, 0, 11]
				},
				"bone3": {
					"position": [0, -14, 0]
				}
			}
		},
		"animation.sinomasrani.attack": {
			"animation_length": 2.08,
			"bones": {
				"bone2": {
					"rotation": {
						"0.0": [0, 0, 0],
						"1.04": [-25, 0, 0],
						"2.08": [0, 0, 0]
					},
					"position": {
						"0.0": [0, 0, 0],
						"1.04": [0, 7, 25],
						"2.08": [0, 0, 0]
					}
				}
			}
		},
		"animation.sinomasrani.casting": {
			"animation_length": 2.08,
			"bones": {
				"bone2": {
					"rotation": {
						"0.0": [0, 0, 0],
						"1.04": [-25, 0, 0],
						"2.08": [0, 0, 0]
					},
					"position": {
						"0.0": [0, 0, 0],
						"1.04": [0, 7, 25],
						"2.08": [0, 0, 0]
					}
				}
			}
		}
	}
}