{
	"format_version": "1.8.0",
	"animations": {
		"animation.webpara.rest": {
			"loop": true,
			"animation_length": 2.08,
			"bones": {
				"bone": {
					"rotation": {
						"0.0": [2.5, 0, 0],
						"1.04": [0, 0, 0],
						"2.08": [2.5, 0, 0]
					},
					"position": {
						"0.0": [0, 1, 1.6],
						"1.04": [0, 0.1, -0.3],
						"2.08": [0, 1, 1.6]
					}
				},
				"bone5": {
					"rotation": [-62.5, 0, 0],
					"position": [0, -2, -27]
				},
				"bone6": {
					"rotation": [85, 0, 0],
					"position": [0, -3, 55]
				},
				"bone7": {
					"rotation": [-75, 0, 0],
					"position": [0, 0, -35]
				},
				"bone8": {
					"rotation": [75, 0, 0],
					"position": [0, -6, 45]
				},
				"bone9": {
					"rotation": {
						"0.0": [2.5, 0, 0],
						"1.04": [0, 0, 0],
						"2.08": [2.5, 0, 0]
					}
				},
				"bone10": {
					"rotation": {
						"0.0": [0, -6, 0],
						"1.04": [0, 10, 0],
						"2.08": [0, -6, 0]
					},
					"position": {
						"0.0": [3.8, 0, 0],
						"1.04": [-6.2, 0, 0],
						"2.08": [3.8, 0, 0]
					}
				},
				"bone11": {
					"rotation": {
						"0.0": [0, -7, 0],
						"1.04": [0, 11, 0],
						"2.08": [0, -7, 0]
					},
					"position": {
						"0.0": [6.9, 0, 0],
						"1.04": [-9.9, 0, 0],
						"2.08": [6.9, 0, 0]
					}
				},
				"bone12": {
					"rotation": {
						"0.0": [0, -5, 0],
						"1.04": [0, 7, 0],
						"2.08": [0, -5, 0]
					},
					"position": {
						"0.0": [5.9, 0, 0],
						"1.04": [-8.9, 0, 0],
						"2.08": [5.9, 0, 0]
					}
				},
				"bone13": {
					"rotation": {
						"0.0": [0, -3, 0],
						"1.04": [0, 7, 0],
						"2.08": [0, -3, 0]
					},
					"position": {
						"0.0": [4.2, 0, 0],
						"1.04": [-11.1, 0, 0],
						"2.08": [4.2, 0, 0]
					}
				},
				"bone14": {
					"position": [0, -11, 0]
				}
			}
		},
		"animation.webpara.sleep": {
			"loop": true,
			"animation_length": 2.08,
			"bones": {
				"bone": {
					"rotation": {
						"0.0": [2.5, 0, 0],
						"1.04": [0, 0, 0],
						"2.08": [2.5, 0, 0]
					},
					"position": {
						"0.0": [0, 1, 1.6],
						"1.04": [0, 0.1, -0.3],
						"2.08": [0, 1, 1.6]
					}
				},
				"bone5": {
					"rotation": [-62.5, 0, 0],
					"position": [0, -2, -27]
				},
				"bone6": {
					"rotation": [85, 0, 0],
					"position": [0, -3, 55]
				},
				"bone7": {
					"rotation": [-75, 0, 0],
					"position": [0, 0, -35]
				},
				"bone8": {
					"rotation": [75, 0, 0],
					"position": [0, -6, 45]
				},
				"bone9": {
					"rotation": {
						"0.0": [2.5, 0, 0],
						"1.04": [0, 0, 0],
						"2.08": [2.5, 0, 0]
					}
				},
				"bone10": {
					"rotation": {
						"0.0": [0, -6, 0],
						"1.04": [0, 10, 0],
						"2.08": [0, -6, 0]
					},
					"position": {
						"0.0": [3.8, 0, 0],
						"1.04": [-6.2, 0, 0],
						"2.08": [3.8, 0, 0]
					}
				},
				"bone11": {
					"rotation": {
						"0.0": [0, -7, 0],
						"1.04": [0, 11, 0],
						"2.08": [0, -7, 0]
					},
					"position": {
						"0.0": [6.9, 0, 0],
						"1.04": [-9.9, 0, 0],
						"2.08": [6.9, 0, 0]
					}
				},
				"bone12": {
					"rotation": {
						"0.0": [0, -5, 0],
						"1.04": [0, 7, 0],
						"2.08": [0, -5, 0]
					},
					"position": {
						"0.0": [5.9, 0, 0],
						"1.04": [-8.9, 0, 0],
						"2.08": [5.9, 0, 0]
					}
				},
				"bone13": {
					"rotation": {
						"0.0": [0, -3, 0],
						"1.04": [0, 7, 0],
						"2.08": [0, -3, 0]
					},
					"position": {
						"0.0": [4.2, 0, 0],
						"1.04": [-11.1, 0, 0],
						"2.08": [4.2, 0, 0]
					}
				},
				"bone14": {
					"position": [0, -11, 0]
				}
			}
		},
		"animation.webpara.move": {
			"loop": true,
			"animation_length": 2.08,
			"bones": {
				"bone": {
					"rotation": {
						"0.0": [2.5, 0, 0],
						"1.04": [0, 0, 0],
						"2.08": [2.5, 0, 0]
					},
					"position": {
						"0.0": [0, 1, 1.6],
						"1.04": [0, 0.1, -0.3],
						"2.08": [0, 1, 1.6]
					}
				},
				"bone5": {
					"rotation": {
						"0.0": [25, 0, 2.5],
						"1.04": [-37.5, 0, 2.5],
						"2.08": [25, 0, 2.5]
					},
					"position": {
						"0.0": [0, 9, 8],
						"1.04": [0, -9.2, -15],
						"2.08": [0, 9, 8]
					}
				},
				"bone6": {
					"rotation": {
						"0.0": [-15, 0, 0],
						"1.04": [37.5, 0, 0],
						"2.08": [-15, 0, 0]
					},
					"position": {
						"0.0": [0, 6, -6],
						"1.04": [0, -11, 23],
						"2.08": [0, 6, -6]
					}
				},
				"bone7": {
					"rotation": {
						"0.0": [-20, 0, 0],
						"1.04": [17.5, 0, 0],
						"2.08": [-20, 0, 0]
					},
					"position": {
						"0.0": [0, -3, -10],
						"1.04": [0, 4, 10],
						"2.08": [0, -3, -10]
					}
				},
				"bone8": {
					"rotation": {
						"0.0": [17.5, 0, 0],
						"1.04": [-15, 0, 0],
						"2.08": [17.5, 0, 0]
					},
					"position": {
						"0.0": [0, -6, 7],
						"1.04": [0, 6, -5],
						"2.08": [0, -6, 7]
					}
				},
				"bone9": {
					"rotation": {
						"0.0": [2.5, 0, 0],
						"1.04": [0, 0, 0],
						"2.08": [2.5, 0, 0]
					}
				},
				"bone10": {
					"rotation": {
						"0.0": [0, -6, 0],
						"1.04": [0, 10, 0],
						"2.08": [0, -6, 0]
					},
					"position": {
						"0.0": [3.8, 0, 0],
						"1.04": [-6.2, 0, 0],
						"2.08": [3.8, 0, 0]
					}
				},
				"bone11": {
					"rotation": {
						"0.0": [0, -7, 0],
						"1.04": [0, 11, 0],
						"2.08": [0, -7, 0]
					},
					"position": {
						"0.0": [6.9, 0, 0],
						"1.04": [-9.9, 0, 0],
						"2.08": [6.9, 0, 0]
					}
				},
				"bone12": {
					"rotation": {
						"0.0": [0, -5, 0],
						"1.04": [0, 7, 0],
						"2.08": [0, -5, 0]
					},
					"position": {
						"0.0": [5.9, 0, 0],
						"1.04": [-8.9, 0, 0],
						"2.08": [5.9, 0, 0]
					}
				},
				"bone13": {
					"rotation": {
						"0.0": [0, -3, 0],
						"1.04": [0, 7, 0],
						"2.08": [0, -3, 0]
					},
					"position": {
						"0.0": [4.2, 0, 0],
						"1.04": [-11.1, 0, 0],
						"2.08": [4.2, 0, 0]
					}
				}
			}
		},
		"animation.webpara.setup": {
			"loop": true,
			"animation_length": 2.08,
			"bones": {
				"bone": {
					"rotation": {
						"0.0": [2.5, 0, 0],
						"1.04": [0, 0, 0],
						"2.08": [2.5, 0, 0]
					},
					"position": {
						"0.0": [0, 1, 1.6],
						"1.04": [0, 0.1, -0.3],
						"2.08": [0, 1, 1.6]
					}
				},
				"bone9": {
					"rotation": {
						"0.0": [2.5, 0, 0],
						"1.04": [0, 0, 0],
						"2.08": [2.5, 0, 0]
					}
				},
				"bone10": {
					"rotation": {
						"0.0": [0, -6, 0],
						"1.04": [0, 10, 0],
						"2.08": [0, -6, 0]
					},
					"position": {
						"0.0": [3.8, 0, 0],
						"1.04": [-6.2, 0, 0],
						"2.08": [3.8, 0, 0]
					}
				},
				"bone11": {
					"rotation": {
						"0.0": [0, -7, 0],
						"1.04": [0, 11, 0],
						"2.08": [0, -7, 0]
					},
					"position": {
						"0.0": [6.9, 0, 0],
						"1.04": [-9.9, 0, 0],
						"2.08": [6.9, 0, 0]
					}
				},
				"bone12": {
					"rotation": {
						"0.0": [0, -5, 0],
						"1.04": [0, 7, 0],
						"2.08": [0, -5, 0]
					},
					"position": {
						"0.0": [5.9, 0, 0],
						"1.04": [-8.9, 0, 0],
						"2.08": [5.9, 0, 0]
					}
				},
				"bone13": {
					"rotation": {
						"0.0": [0, -3, 0],
						"1.04": [0, 7, 0],
						"2.08": [0, -3, 0]
					},
					"position": {
						"0.0": [4.2, 0, 0],
						"1.04": [-11.1, 0, 0],
						"2.08": [4.2, 0, 0]
					}
				}
			}
		},
		"animation.webpara.casting": {
			"animation_length": 4.2,
			"bones": {
				"bone": {
					"rotation": [30, 0, 0],
					"position": [0, 15.2, 14]
				},
				"bone9": {
					"rotation": {
						"0.0": [8.5, 0, 0],
						"2.08": [8.5, 0, 0],
						"2.6": [0, 0, 0],
						"3.16": [-27.5, 0, 0],
						"4.2": [0, 0, 0]
					},
					"position": {
						"0.0": [0, -1.2, 4],
						"2.08": [0, -1.2, 4],
						"2.6": [0, 0, 0],
						"3.16": [0, 20.8, -10.2],
						"4.2": [0, 0, 0]
					}
				},
				"bone10": {
					"rotation": {
						"0.0": [0, -6, 0],
						"1.04": [0, 10, 0],
						"2.08": [0, -6, 0]
					},
					"position": {
						"0.0": [3.8, 0, 0],
						"1.04": [-6.2, 0, 0],
						"2.08": [3.8, 0, 0]
					}
				},
				"bone11": {
					"rotation": {
						"0.0": [0, -7, 0],
						"1.04": [0, 11, 0],
						"2.08": [0, -7, 0]
					},
					"position": {
						"0.0": [6.9, 0, 0],
						"1.04": [-9.9, 0, 0],
						"2.08": [6.9, 0, 0]
					}
				},
				"bone12": {
					"rotation": {
						"0.0": [0, -5, 0],
						"1.04": [0, 7, 0],
						"2.08": [0, -5, 0]
					},
					"position": {
						"0.0": [5.9, 0, 0],
						"1.04": [-8.9, 0, 0],
						"2.08": [5.9, 0, 0]
					}
				},
				"bone13": {
					"rotation": {
						"0.0": [0, -3, 0],
						"1.04": [0, 7, 0],
						"2.08": [0, -3, 0]
					},
					"position": {
						"0.0": [4.2, 0, 0],
						"1.04": [-11.1, 0, 0],
						"2.08": [4.2, 0, 0]
					}
				},
				"bone2": {
					"rotation": [17, 0, 0],
					"position": [0, 9.2, 7.6]
				},
				"bone3": {
					"rotation": [17, 0, 0],
					"position": [0, 11.7, 7.1]
				},
				"bone4": {
					"position": [0, 0.5, 0.8]
				},
				"bone5": {
					"rotation": {
						"2.6": [0, 0, 0],
						"4.2": [0, 0, 0]
					},
					"position": {
						"2.6": [0, 0, 0],
						"3.16": [0, 18, 6],
						"4.2": [0, 0, 0]
					}
				},
				"bone7": {
					"rotation": {
						"2.6": [0, 0, 0],
						"4.2": [0, 0, 0]
					},
					"position": {
						"2.6": [0, 0, 0],
						"3.16": [0, 19, 6],
						"4.2": [0, 0, 0]
					}
				}
			}
		},
		"animation.webpara.attack": {
			"animation_length": 1.04,
			"bones": {
				"bone4": {
					"rotation": {
						"0.0": [0, 0, 0],
						"0.52": [30, 0, 0],
						"1.04": [0, 0, 0]
					},
					"position": {
						"0.0": [0, 0, 0],
						"0.52": [0, 22.8, 13.7],
						"1.04": [0, 0, 0]
					}
				},
				"bone5": {
					"rotation": {
						"0.0": [0, 0, 0],
						"1.04": [0, 0, 0]
					},
					"position": {
						"0.0": [0, 0, 0],
						"0.52": [0, 18, 6],
						"1.04": [0, 0, 0]
					}
				},
				"bone7": {
					"rotation": {
						"0.0": [0, 0, 0],
						"1.04": [0, 0, 0]
					},
					"position": {
						"0.0": [0, 0, 0],
						"0.52": [0, 19, 6],
						"1.04": [0, 0, 0]
					}
				},
				"bone9": {
					"rotation": {
						"0.0": [0, 0, 0],
						"0.52": [-27.5, 0, 0],
						"1.04": [0, 0, 0]
					},
					"position": {
						"0.0": [0, 0, 0],
						"0.52": [0, 20.8, -10.2],
						"1.04": [0, 0, 0]
					}
				},
				"bone10": {
					"rotation": {
						"0.0": [0, 0, 0],
						"1.04": [0, 0, 0]
					},
					"position": {
						"0.0": [0, 0, 0],
						"1.04": [0, 0, 0]
					}
				},
				"bone11": {
					"rotation": {
						"0.0": [0, 0, 0],
						"1.04": [0, 0, 0]
					},
					"position": {
						"0.0": [0, 0, 0],
						"1.04": [0, 0, 0]
					}
				},
				"bone12": {
					"rotation": {
						"0.0": [0, 0, 0],
						"1.04": [0, 0, 0]
					},
					"position": {
						"0.0": [0, 0, 0],
						"1.04": [0, 0, 0]
					}
				},
				"bone13": {
					"rotation": {
						"0.0": [0, 0, 0],
						"1.04": [0, 0, 0]
					},
					"position": {
						"0.0": [0, 0, 0],
						"1.04": [0, 0, 0]
					}
				}
			}
		}
	}
}