{
  "format_version": "1.12",
  "minecraft:recipe_shaped": {
    "description": {
      "identifier": "recipes_d432e058"
    },
    "tags": [
      "crafting_table"
    ],
    "pattern": [
      "ABA",
      "CCC",
      "DEA"
    ],
    "key": {
      "A": {
        "item": "minecraft:cobblestone",
        "data": 0
      },
      "B": {
        "item": "minecraft:stone_button",
        "data": 0
      },
      "C": {
        "item": "minecraft:glass",
        "data": 0
      },
      "D": {
        "item": "minecraft:gold_nugget",
        "data": 0
      },
      "E": {
        "item": "minecraft:redstone",
        "data": 0
      }
    },
    "result": {
      "item": "jp:incubator",
      "count": 1
    }
  }
}