{
  "format_version": "1.12",
  "minecraft:recipe_shaped": {
    "description": {
      "identifier": "recipes_ee17658e"
    },
    "tags": [
      "crafting_table"
    ],
    "pattern": [
      "AAA",
      "ABC",
      "AAD"
    ],
    "key": {
      "A": {
        "item": "minecraft:cobblestone",
        "data": 0
      },
      "B": {
        "item": "minecraft:glass",
        "data": 11
      },
      "C": {
        "item": "minecraft:redstone",
        "data": 0
      },
      "D": {
        "item": "minecraft:gold_nugget",
        "data": 0
      }
    },
    "result": {
      "item": "jp:analyzer",
      "count": 1
    }
  }
}