{
  "format_version": "1.13.0",
  "minecraft:entity": {
    "description": {
      "identifier": "jp:ingenp",
      "is_spawnable": true,
      "is_summonable": true,
      "is_experimental": true
    },

    "component_groups": {
      "minecraft:a": {
        "minecraft:variant": {
          "value": 0
        }
      },
      "minecraft:ab": {
        "minecraft:variant": {
          "value": 1
        }
      },
      "minecraft:ac": {
        "minecraft:variant": {
          "value": 2
        }
      },
      "minecraft:ad": {
        "minecraft:variant": {
          "value": 3
        }
      },
      "minecraft:ae": {
        "minecraft:variant": {
          "value": 4
        }
      },
      "minecraft:b": {
        "minecraft:variant": {
          "value": 5
        }
      },
      "minecraft:bb": {
        "minecraft:variant": {
          "value": 6
        }
      },
      "minecraft:bc": {
        "minecraft:variant": {
          "value": 7
        }
      },
      "minecraft:bd": {
        "minecraft:variant": {
          "value": 8
        }
      },
      "minecraft:be": {
        "minecraft:variant": {
          "value": 9
        }
      },
      "minecraft:c": {
        "minecraft:variant": {
          "value": 10
        }
      },
      "minecraft:cb": {
        "minecraft:variant": {
          "value": 11
        }
      },
      "minecraft:cc": {
        "minecraft:variant": {
          "value": 12
        }
      },
      "minecraft:cd": {
        "minecraft:variant": {
          "value": 13
        }
      },
      "minecraft:ce": {
        "minecraft:variant": {
          "value": 14
        }
      },
      "minecraft:d": {
        "minecraft:variant": {
          "value": 15
        }
      },
      "minecraft:db": {
        "minecraft:variant": {
          "value": 16
        }
      },
      "minecraft:dc": {
        "minecraft:variant": {
          "value": 17
        }
      },
      "minecraft:dd": {
        "minecraft:variant": {
          "value": 18
        }
      },
      "minecraft:de": {
        "minecraft:variant": {
          "value": 19
        }
      },
      "minecraft:e": {
        "minecraft:variant": {
          "value": 20
        }
      },
      "minecraft:eb": {
        "minecraft:variant": {
          "value": 21
        }
      },
      "minecraft:ec": {
        "minecraft:variant": {
          "value": 22
        }
      },
      "minecraft:ed": {
        "minecraft:variant": {
          "value": 23
        }
      },
      "minecraft:ee": {
        "minecraft:variant": {
          "value": 24
        }
      },
      "minecraft:f": {
        "minecraft:variant": {
          "value": 25
        }
      },
      "minecraft:fb": {
        "minecraft:variant": {
          "value": 26
        }
      },
      "minecraft:fc": {
        "minecraft:variant": {
          "value": 27
        }
      },
      "minecraft:fd": {
        "minecraft:variant": {
          "value": 28
        }
      },
      "minecraft:fe": {
        "minecraft:variant": {
          "value": 29
        }
      },

      "minecraft:sino_adult": {
        "minecraft:scale": {
          "value": 1.0
        },
        "minecraft:loot": {
          "table": "loot_tables/entities/big.json"
        },
        "minecraft:knockback_resistance": {
          "value": 0.75
        }
      },
      "minecraft:sino_adult_wild": {
        "minecraft:type_family": {
          "family": [ "herbdinosaur","avaceratops"]
        },
        "minecraft:attack": {
          "damage": {
            "range_min": 7,
            "range_max": 10
          }
        },
        "minecraft:behavior.breed": {
          "priority": 0,
          "speed_multiplier": 0.7
        },
        "minecraft:breedable": {
          "requireTame": false,
          "breedsWith": {
            "mateType": "jp:ingenp",
            "babyType": "jp:ingenparaegg",
            "breed_event": {
              "event": "minecraft:entity_born",
              "target": "baby"
            }
          },
          "breedItems": [ "potato",
            "wheat",
            "carrot",
            "apple"
          ]
        },
	    "minecraft:health": {
          "value": 30,
          "max": 30
        },
	    "minecraft:behavior.nearest_attackable_target": {
          "priority": 2,
          "within_radius": 23,
          "entity_types": [
            {
              "filters": { "other_with_families": ["monsters" ] },
              "max_dist": 23
            }
          ],
          "must_see": true
        },
        "minecraft:on_hurt_by_player": {},
		"minecraft:behavior.random_stroll": {
          "priority": 5,
          "speed_multiplier": 0.8
        },
        "minecraft:behavior.hurt_by_target": {
          "priority": 5
        }
      },
      
      "minecraft:sino_baby_wild": {
      "minecraft:behavior.tempt": {
          "priority": 3,
          "speed_multiplier": 0.6,
          "items": [ "potato",
            "wheat",
            "carrot",
            "apple" 
          ]
        },
        "minecraft:is_baby": {},
        "minecraft:health": {
          "value": 10,
          "max": 12
        },
        "minecraft:behavior.follow_parent": {
          "priority": 3,
          "speed_multiplier": 0.7
        },
        "minecraft:scale_by_age": {
          "start_scale": 0.3,
          "end_scale": 1.0
        },
        "minecraft:ageable": {
          "duration": 1600,
         "feedItems": [
            {
              "item": "potato",
              "growth": 0.100
            },
            {
              "item": "wheat",
              "growth": 0.100
            },
            {
              "item": "carrot",
              "growth": 0.100
            },
            {
              "item": "apple",
              "growth": 0.100
            }
          ],
          "grow_up": {
            "event": "minecraft:ageable_grow_up_wild",
            "target": "self"
          }
        },
        "minecraft:behavior.panic": {
          "priority": 1,
          "speed_multiplier": 0.7
        }
      }
	},

    "components": {
      "minecraft:nameable": {},
      "minecraft:type_family": {
        "family": [ "herbdinosaur" ]
      },
      "minecraft:movement": {
        "value": 0.3
      },
      "minecraft:underwater_movement": {
        "value": 0.2
      },
      "minecraft:behavior.eat_block": {

"priority": 2, 

"success_chance": "100",

"time_until_eat": 30,

"eat_and_replace_block_pairs": [ 

{ "eat_block": "", "replace_block": "minecraft:air" }  

]

},
      "minecraft:movement.amphibious": {
        "max_turn": 15.0
      },
      "minecraft:jump.static": {
      },
      "minecraft:navigation.generic": {
        "is_amphibious": false,
        "can_path_over_water": true,
        "can_swim": false,
        "can_walk": true,
        "can_breach": true,
        "can_sink": false
      },
      "minecraft:follow_range": {
        "value": 23
      },
      "minecraft:breathable": {
        "totalSupply": 40,
        "suffocateTime": 0,
        "breathesWater": false,
        "breathesAir": true,
        "generatesBubbles": false
      },
      "minecraft:collision_box": {
        "width": 2.5,
        "height": 4.5
      },
      "minecraft:behavior.random_look_around_and_sit": {
        "priority": 6,
        "min_look_count": 2,
        "max_look_count": 5,
        "min_look_time": 100,
        "max_look_time": 300,
        "probability": 0.002
    },
        "minecraft:behavior.knockback_roar": {   
          "priority": 1,
          "duration": 4, 
          "attack_time": 0.5,
          "knockback_damage": 0,
          "knockback_strength": 0,
          "knockback_range": 0,
          "cooldown_time": 30, 
    "knockback_filters": {
            "test": "is_family",
            "subject": "other",
            "operator": "!=",
            "value": "herbdinosaur"
          }, 
          "damage_filters": {
            "test": "is_family",
            "subject": "other",
            "operator": "!=",
            "value": "herbdinosaur"
          }  
        },  
      "minecraft:behavior.delayed_attack": {
        "priority": 4,
        "speed_multiplier": 1.4,
        "reach_multiplier": 1.2,
        "attack_duration": 1.52,
        "hit_delay_pct": 0.3,
        "track_target": true,
        "sound_event": "attack.strong"
      },
      "minecraft:behavior.move_to_land": {
        "priority": 6,
        "search_range": 30,
        "search_height": 5,
        "goal_radius": 0.5,
        "probability": 0.2
      },
      "minecraft:behavior.random_stroll": {
        "priority": 9,
        "probability": 0.1,
        "interval": 100
      },
      "minecraft:behavior.look_at_player": {
        "priority": 10,
        "look_distance": 6.0,
        "probability": 0.2
      },
      "look_for_food": {
                "minecraft:behavior.move_to_block": {
                    "priority": 11,
                    "tick_interval": 1,
                    "start_chance": 0.5,
                    "search_range": 6,
                    "search_height": 4,
                    "goal_radius": 1.0,
                    "stay_duration": 20.0,
                    "target_selection_method": "random",
                    "target_offset": [0, 0.25, 0],
                    "target_blocks": [
                        "hay_block"
                    ],
                    "on_stay_completed": [
                        {
                            "event": "minecraft:entity_born",
                            "target": "self"
                        }
                    ]
                },
                "minecraft:timer": {
                    "looping": true,
                    "time": 180,
                    "time_down_event": {
                        "event": "find_flower_timeout"
                    }
                },
                "minecraft:ambient_sound_interval" :{
                    "event_name" : "null",
                    "range" : 3.0,
                    "value" : 2.0
                }
            },
      "minecraft:behavior.random_look_around": {
        "priority": 10,
        "probability": 0.2
      },
                          "minecraft:behavior.nap": {

"priority": 6, 

"cooldown_min": 0.0,

"cooldown_max": 0.0,

"mob_detect_dist": 1.0,

"mob_detect_height": 1.0,

"can_nap_filters": {

"all_of": [

{ 

"test": "in_water",

"subject": "self",

"operator": "==",

"value": false

},

{

"test": "is_daytime",

"subject": "self",

"operator": "==",

"value": false

}, 

{

"test": "on_ground",

"subject": "self",

"operator": "==",

"value": true

}

]

}

},
      "minecraft:behavior.hurt_by_target": {
        "priority": 5
      },
      "minecraft:physics": {
        "has_gravity": true
      }
    },

    "events": {
      "from_egg": {
        "add": { "component_groups": [ "minecraft:sino_baby_wild" ] }
     },

	  "minecraft:entity_spawned": {
        "randomize": [
          {
            "weight": 8,
            "add": {
              "component_groups": [
                "minecraft:a",
                "minecraft:sino_adult",
                "minecraft:sino_adult_wild",
                "minecraft:sino_roar"
              ]
            }
          },
		  {
            "weight": 8,
            "add": {
              "component_groups": [
                "minecraft:ab",
                "minecraft:sino_adult",
                "minecraft:sino_adult_wild",
                "minecraft:sino_roar"
              ]
            }
          },
		  {
            "weight": 8,
            "add": {
              "component_groups": [
                "minecraft:ac",
                "minecraft:sino_adult",
                "minecraft:sino_adult_wild",
                "minecraft:sino_roar"
              ]
            }
          },
		  {
            "weight": 8,
            "add": {
              "component_groups": [
                "minecraft:ad",
                "minecraft:sino_adult",
                "minecraft:sino_adult_wild",
                "minecraft:sino_roar"
              ]
            }
          },
		  {
            "weight": 8,
            "add": {
              "component_groups": [
                "minecraft:ae",
                "minecraft:sino_adult",
                "minecraft:sino_adult_wild",
                "minecraft:sino_roar"
              ]
            }
          },
		  {
            "weight": 8,
            "add": {
              "component_groups": [
                "minecraft:b",
                "minecraft:sino_adult",
                "minecraft:sino_adult_wild",
                "minecraft:sino_roar"
              ]
            }
          },
		  {
            "weight": 8,
            "add": {
              "component_groups": [
                "minecraft:bb",
                "minecraft:sino_adult",
                "minecraft:sino_adult_wild",
                "minecraft:sino_roar"
              ]
            }
          },
		  {
            "weight": 8,
            "add": {
              "component_groups": [
                "minecraft:bc",
                "minecraft:sino_adult",
                "minecraft:sino_adult_wild",
                "minecraft:sino_roar"
              ]
            }
          },
		  {
            "weight": 8,
            "add": {
              "component_groups": [
                "minecraft:bd",
                "minecraft:sino_adult",
                "minecraft:sino_adult_wild",
                "minecraft:sino_roar"
              ]
            }
          },
		  {
            "weight": 8,
            "add": {
              "component_groups": [
                "minecraft:be",
                "minecraft:sino_adult",
                "minecraft:sino_adult_wild",
                "minecraft:sino_roar"
              ]
            }
          },
		  {
        "weight": 8,
        "add": {
          "component_groups": [
            "minecraft:c",
            "minecraft:sino_adult",
            "minecraft:sino_adult_wild",
            "minecraft:sino_roar"
          ]
        }
      },
  {
        "weight": 8,
        "add": {
          "component_groups": [
            "minecraft:cb",
            "minecraft:sino_adult",
            "minecraft:sino_adult_wild",
            "minecraft:sino_roar"
          ]
        }
      },
  {
        "weight": 8,
        "add": {
          "component_groups": [
            "minecraft:cc",
            "minecraft:sino_adult",
            "minecraft:sino_adult_wild",
            "minecraft:sino_roar"
          ]
        }
      },
  {
        "weight": 8,
        "add": {
          "component_groups": [
            "minecraft:cd",
            "minecraft:sino_adult",
            "minecraft:sino_adult_wild",
            "minecraft:sino_roar"
          ]
        }
      },
  {
        "weight": 8,
        "add": {
          "component_groups": [
            "minecraft:ce",
            "minecraft:sino_adult",
            "minecraft:sino_adult_wild",
            "minecraft:sino_roar"
          ]
        }
      },
  {
        "weight": 8,
        "add": {
          "component_groups": [
            "minecraft:d",
            "minecraft:sino_adult",
            "minecraft:sino_adult_wild",
            "minecraft:sino_roar"
          ]
        }
      },
  {
        "weight": 8,
        "add": {
          "component_groups": [
            "minecraft:db",
            "minecraft:sino_adult",
            "minecraft:sino_adult_wild",
            "minecraft:sino_roar"
          ]
        }
      },
  {
        "weight": 8,
        "add": {
          "component_groups": [
            "minecraft:dc",
            "minecraft:sino_adult",
            "minecraft:sino_adult_wild",
            "minecraft:sino_roar"
          ]
        }
      },
  {
        "weight": 8,
        "add": {
          "component_groups": [
            "minecraft:dd",
            "minecraft:sino_adult",
            "minecraft:sino_adult_wild",
            "minecraft:sino_roar"
          ]
        }
      },
  {
        "weight": 8,
        "add": {
          "component_groups": [
            "minecraft:de",
            "minecraft:sino_adult",
            "minecraft:sino_adult_wild",
            "minecraft:sino_roar"
          ]
        }
      },
  {
    "weight": 8,
    "add": {
      "component_groups": [
        "minecraft:e",
        "minecraft:sino_adult",
        "minecraft:sino_adult_wild",
        "minecraft:sino_roar"
      ]
    }
  },
{
    "weight": 8,
    "add": {
      "component_groups": [
        "minecraft:eb",
        "minecraft:sino_adult",
        "minecraft:sino_adult_wild",
        "minecraft:sino_roar"
      ]
    }
  },
{
    "weight": 8,
    "add": {
      "component_groups": [
        "minecraft:ec",
        "minecraft:sino_adult",
        "minecraft:sino_adult_wild",
        "minecraft:sino_roar"
      ]
    }
  },
{
    "weight": 8,
    "add": {
      "component_groups": [
        "minecraft:ed",
        "minecraft:sino_adult",
        "minecraft:sino_adult_wild",
        "minecraft:sino_roar"
      ]
    }
  },
{
    "weight": 8,
    "add": {
      "component_groups": [
        "minecraft:ee",
        "minecraft:sino_adult",
        "minecraft:sino_adult_wild",
        "minecraft:sino_roar"
      ]
    }
  },
{
    "weight": 8,
    "add": {
      "component_groups": [
        "minecraft:f",
        "minecraft:sino_adult",
        "minecraft:sino_adult_wild",
        "minecraft:sino_roar"
      ]
    }
  },
{
    "weight": 8,
    "add": {
      "component_groups": [
        "minecraft:fb",
        "minecraft:sino_adult",
        "minecraft:sino_adult_wild",
        "minecraft:sino_roar"
      ]
    }
  },
{
    "weight": 8,
    "add": {
      "component_groups": [
        "minecraft:fc",
        "minecraft:sino_adult",
        "minecraft:sino_adult_wild",
        "minecraft:sino_roar"
      ]
    }
  },
{
    "weight": 8,
    "add": {
      "component_groups": [
        "minecraft:fd",
        "minecraft:sino_adult",
        "minecraft:sino_adult_wild",
        "minecraft:sino_roar"
      ]
    }
  },
{
    "weight": 8,
    "add": {
      "component_groups": [
        "minecraft:fe",
        "minecraft:sino_adult",
        "minecraft:sino_adult_wild",
        "minecraft:sino_roar"
      ]
    }
  },
{
        "weight": 2,
        "add": {
          "component_groups": [
            "minecraft:a",               "minecraft:sino_baby_wild",
            "minecraft:baby"
          ]
        }
      },
      {
        "weight": 2,
        "add": {
          "component_groups": [
            "minecraft:ab",               "minecraft:sino_baby_wild",
            "minecraft:baby"
          ]
        }
      },
  {
              "weight": 2,
              "add": {
                "component_groups": [
                  "minecraft:ac",               "minecraft:sino_baby_wild",
                  "minecraft:baby"
                ]
              }
            },
            {
              "weight": 2,
              "add": {
                "component_groups": [
                  "minecraft:ad",               "minecraft:sino_baby_wild",
                  "minecraft:baby"
                ]
              }
            },
            {
              "weight": 2,
              "add": {
                "component_groups": [
                  "minecraft:ae",               "minecraft:sino_baby_wild",
                  "minecraft:baby"
                ]
              }
            },
            {
              "weight": 2,
              "add": {
                "component_groups": [
                  "minecraft:b",               "minecraft:sino_baby_wild",
                  "minecraft:baby"
                ]
              }
            },
            {
              "weight": 2,
              "add": {
                "component_groups": [
                  "minecraft:bb",               "minecraft:sino_baby_wild",
                  "minecraft:baby"
                ]
              }
            },
            {
              "weight": 2,
              "add": {
                "component_groups": [
                  "minecraft:bc",               "minecraft:sino_baby_wild",
                  "minecraft:baby"
                ]
              }
            },
            {
              "weight": 2,
              "add": {
                "component_groups": [
                  "minecraft:bd",               "minecraft:sino_baby_wild",
                  "minecraft:baby"
                ]
              }
            },
            {
              "weight": 2,
              "add": {
                "component_groups": [
                  "minecraft:be",               "minecraft:sino_baby_wild",
                  "minecraft:baby"
                ]
              }
            },
          {
                  "weight": 2,
                  "add": {
                    "component_groups": [
                      "minecraft:c",               "minecraft:sino_baby_wild",
                      "minecraft:baby"
                    ]
                  }
                },
                {
                  "weight": 2,
                  "add": {
                    "component_groups": [
                      "minecraft:cb",               "minecraft:sino_baby_wild",
                      "minecraft:baby"
                    ]
                  }
                },
            {
                        "weight": 2,
                        "add": {
                          "component_groups": [
                            "minecraft:cc",               "minecraft:sino_baby_wild",
                            "minecraft:baby"
                          ]
                        }
                      },
                      {
                        "weight": 2,
                        "add": {
                          "component_groups": [
                            "minecraft:cd",               "minecraft:sino_baby_wild",
                            "minecraft:baby"
                          ]
                        }
                      },
                      {
                        "weight": 2,
                        "add": {
                          "component_groups": [
                            "minecraft:ce",               "minecraft:sino_baby_wild",
                            "minecraft:baby"
                          ]
                        }
                      },
                      {
                        "weight": 2,
                        "add": {
                          "component_groups": [
                            "minecraft:d",               "minecraft:sino_baby_wild",
                            "minecraft:baby"
                          ]
                        }
                      },
                      {
                        "weight": 2,
                        "add": {
                          "component_groups": [
                            "minecraft:db",               "minecraft:sino_baby_wild",
                            "minecraft:baby"
                          ]
                        }
                      },
                      {
                        "weight": 2,
                        "add": {
                          "component_groups": [
                            "minecraft:dc",               "minecraft:sino_baby_wild",
                            "minecraft:baby"
                          ]
                        }
                      },
                      {
                        "weight": 2,
                        "add": {
                          "component_groups": [
                            "minecraft:dd",               "minecraft:sino_baby_wild",
                            "minecraft:baby"
                          ]
                        }
                      },
                      {
                        "weight": 2,
                        "add": {
                          "component_groups": [
                            "minecraft:de",               "minecraft:sino_baby_wild",
                            "minecraft:baby"
                          ]
                        }
                      },
                    {
                            "weight": 2,
                            "add": {
                              "component_groups": [
                                "minecraft:e",               "minecraft:sino_baby_wild",
                                "minecraft:baby"
                              ]
                            }
                          },
                          {
                            "weight": 2,
                            "add": {
                              "component_groups": [
                                "minecraft:eb",               "minecraft:sino_baby_wild",
                                "minecraft:baby"
                              ]
                            }
                          },
                      {
                                  "weight": 2,
                                  "add": {
                                    "component_groups": [
                                      "minecraft:ec",               "minecraft:sino_baby_wild",
                                      "minecraft:baby"
                                    ]
                                  }
                                },
                                {
                                  "weight": 2,
                                  "add": {
                                    "component_groups": [
                                      "minecraft:ed",               "minecraft:sino_baby_wild",
                                      "minecraft:baby"
                                    ]
                                  }
                                },
                                {
                                  "weight": 2,
                                  "add": {
                                    "component_groups": [
                                      "minecraft:ee",               "minecraft:sino_baby_wild",
                                      "minecraft:baby"
                                    ]
                                  }
                                },
                                {
                                  "weight": 2,
                                  "add": {
                                    "component_groups": [
                                      "minecraft:f",               "minecraft:sino_baby_wild",
                                      "minecraft:baby"
                                    ]
                                  }
                                },
                                {
                                  "weight": 2,
                                  "add": {
                                    "component_groups": [
                                      "minecraft:fb",               "minecraft:sino_baby_wild",
                                      "minecraft:baby"
                                    ]
                                  }
                                },
                                {
                                  "weight": 2,
                                  "add": {
                                    "component_groups": [
                                      "minecraft:fc",               "minecraft:sino_baby_wild",
                                      "minecraft:baby"
                                    ]
                                  }
                                },
                                {
                                  "weight": 2,
                                  "add": {
                                    "component_groups": [
                                      "minecraft:fd",               "minecraft:sino_baby_wild",
                                      "minecraft:baby"
                                    ]
                                  }
                                },
                                {
                                  "weight": 2,
                                  "add": {
                                    "component_groups": [
                                      "minecraft:fe",               "minecraft:sino_baby_wild",
                                      "minecraft:baby"
          ]
        }
      }
    ]
  },

      "minecraft:entity_born": {
        "add": {
        "component_groups": [
          "minecraft:sino_baby_wild"
          ]
        }
			},
			"minecraft:entity_transformed": {
				"add": {
					"component_groups": [
						"minecraft:sino_baby_wild"
					]
				}
			},
      "minecraft:ageable_grow_up_wild": {
        "remove": {
          "component_groups": [ 
            "minecraft:sino_baby_wild"
          ]
        },
        "add": {
          "component_groups": [
            "minecraft:sino_adult",
			  "minecraft:sino_attack",
            "minecraft:sino_adult_wild",
            "minecraft:sino_roar"
          ]
        }
      },
       
	  
	  "minecraft:is_sitting": {
        "remove": {
          "component_groups": [
            "minecraft:standing"
          ]
        },
        "add": {
          "component_groups": [
            "minecraft:sitting"
          ]
        }
      },
      "minecraft:is_standing": {
        "remove": {
          "component_groups": [
            "minecraft:sitting"
          ]
        },
        "add": {
          "component_groups": [
            "minecraft:standing"
          ]
        }
      },
	  "minecraft:a": {
        "add": {
          "component_groups": [
            "minecraft:a"
          ]
        }
      },
	  "minecraft:ab": {
        "add": {
          "component_groups": [
            "minecraft:ab"
          ]
        }
      },
  	  "minecraft:ac": {
        "add": {
          "component_groups": [
            "minecraft:ac"
          ]
        }
      },
	  "minecraft:ad": {
        "add": {
          "component_groups": [
            "minecraft:ad"
          ]
        }
      },
  	  "minecraft:ae": {
        "add": {
          "component_groups": [
            "minecraft:ae"
          ]
        }
      },
	  "minecraft:b": {
        "add": {
          "component_groups": [
            "minecraft:b"
          ]
        }
      },
  	  "minecraft:bb": {
        "add": {
          "component_groups": [
            "minecraft:bb"
          ]
        }
      },
	  "minecraft:bc": {
        "add": {
          "component_groups": [
            "minecraft:bc"
          ]
        }
      },
  	  "minecraft:bd": {
        "add": {
          "component_groups": [
            "minecraft:bd"
          ]
        }
      },
	  "minecraft:be": {
        "add": {
          "component_groups": [
            "minecraft:be"
          ]
        }
      },
      "minecraft:c": {
        "add": {
          "component_groups": [
            "minecraft:c"
          ]
        }
      },
	  "minecraft:cb": {
        "add": {
          "component_groups": [
            "minecraft:cb"
          ]
        }
      },
  	  "minecraft:cc": {
        "add": {
          "component_groups": [
            "minecraft:cc"
          ]
        }
      },
	  "minecraft:cd": {
        "add": {
          "component_groups": [
            "minecraft:cd"
          ]
        }
      },
  	  "minecraft:ce": {
        "add": {
          "component_groups": [
            "minecraft:ce"
          ]
        }
      },
	  "minecraft:d": {
        "add": {
          "component_groups": [
            "minecraft:d"
          ]
        }
      },
  	  "minecraft:db": {
        "add": {
          "component_groups": [
            "minecraft:db"
          ]
        }
      },
	  "minecraft:dc": {
        "add": {
          "component_groups": [
            "minecraft:dc"
          ]
        }
      },
  	  "minecraft:dd": {
        "add": {
          "component_groups": [
            "minecraft:dd"
          ]
        }
      },
	  "minecraft:de": {
        "add": {
          "component_groups": [
            "minecraft:de"
          ]
        }
      },
      "minecraft:e": {
        "add": {
          "component_groups": [
            "minecraft:e"
          ]
        }
      },
	  "minecraft:eb": {
        "add": {
          "component_groups": [
            "minecraft:eb"
          ]
        }
      },
  	  "minecraft:ec": {
        "add": {
          "component_groups": [
            "minecraft:ec"
          ]
        }
      },
	  "minecraft:ed": {
        "add": {
          "component_groups": [
            "minecraft:ed"
          ]
        }
      },
  	  "minecraft:ee": {
        "add": {
          "component_groups": [
            "minecraft:ee"
          ]
        }
      },
	  "minecraft:f": {
        "add": {
          "component_groups": [
            "minecraft:f"
          ]
        }
      },
  	  "minecraft:fb": {
        "add": {
          "component_groups": [
            "minecraft:fb"
          ]
        }
      },
	  "minecraft:fc": {
        "add": {
          "component_groups": [
            "minecraft:fc"
          ]
        }
      },
  	  "minecraft:fd": {
        "add": {
          "component_groups": [
            "minecraft:fd"
          ]
        }
      },
	  "minecraft:fe": {
        "add": {
          "component_groups": [
            "minecraft:fe"
          ]
        }
      },
	  "minecraft:on_leash": {
        "add": {
          "component_groups": [
            "minecraft:sino_leashed"
          ]
        }
      },
      "minecraft:on_unleash": {
        "remove": {
          "component_groups": [
            "minecraft:sino_leashed"
          ]
        }
      }
    }
  }
}
