{
    "format_version": "1.16.0",
    "minecraft:entity": {
      "description": {
        "identifier": "jp:rexona",
        "is_spawnable": true,
        "is_summonable": true,
        "is_experimental": true
      },
      
      "component_groups": {
        "minecraft:a": {
          "minecraft:variant": {
            "value": 0
          }
        },
        "minecraft:ab": {
          "minecraft:variant": {
            "value": 1
          }
        },
        "minecraft:ac": {
          "minecraft:variant": {
            "value": 2
          }
        },
        "minecraft:ad": {
          "minecraft:variant": {
            "value": 3
          }
        },
        "minecraft:ae": {
          "minecraft:variant": {
            "value": 4
          }
        },
        "minecraft:b": {
          "minecraft:variant": {
            "value": 5
          }
        },
        "minecraft:bb": {
          "minecraft:variant": {
            "value": 6
          }
        },
        "minecraft:bc": {
          "minecraft:variant": {
            "value": 7
          }
        },
        "minecraft:bd": {
          "minecraft:variant": {
            "value": 8
          }
        },
        "minecraft:be": {
          "minecraft:variant": {
            "value": 9
          }
        },
        "minecraft:c": {
          "minecraft:variant": {
            "value": 10
          }
        },
        "minecraft:cb": {
          "minecraft:variant": {
            "value": 11
          }
        },
        "minecraft:cc": {
          "minecraft:variant": {
            "value": 12
          }
        },
        "minecraft:cd": {
          "minecraft:variant": {
            "value": 13
          }
        },
        "minecraft:ce": {
          "minecraft:variant": {
            "value": 14
          }
        },
        "minecraft:d": {
          "minecraft:variant": {
            "value": 15
          }
        },
        "minecraft:db": {
          "minecraft:variant": {
            "value": 16
          }
        },
        "minecraft:dc": {
          "minecraft:variant": {
            "value": 17
          }
        },
        "minecraft:dd": {
          "minecraft:variant": {
            "value": 18
          }
        },
        "minecraft:de": {
          "minecraft:variant": {
            "value": 19
          }
        },
        "minecraft:e": {
          "minecraft:variant": {
            "value": 20
          }
        },
        "minecraft:eb": {
          "minecraft:variant": {
            "value": 21
          }
        },
        "minecraft:ec": {
          "minecraft:variant": {
            "value": 22
          }
        },
        "minecraft:ed": {
          "minecraft:variant": {
            "value": 23
          }
        },
        "minecraft:ee": {
          "minecraft:variant": {
            "value": 24
          }
        },
        "minecraft:f": {
          "minecraft:variant": {
            "value": 25
          }
        },
        "minecraft:fb": {
          "minecraft:variant": {
            "value": 26
          }
        },
        "minecraft:fc": {
          "minecraft:variant": {
            "value": 27
          }
        },
        "minecraft:fd": {
          "minecraft:variant": {
            "value": 28
          }
        },
        "minecraft:fe": {
          "minecraft:variant": {
            "value": 29
          }
        },

	  "minecraft:sucho_roar": {
        "minecraft:on_target_acquired": {},
        "minecraft:behavior.summon_entity": {
          "priority": 0,
          "probability": 100.0,
          "summon_choices": [
            {
              "weight": 1,
              "cooldown_time": 20.0,
              "cast_duration": 3.0,
              "start_sound_event": "plop",
              "sequence": [
                {
                  "shape": "circle",
                  "target": "self",
                  "base_delay": 0.0,
                  "delay_per_summon": 0.0,
                  "num_entities_spawned": 0,
                  "entity_type": "",
                  "entity_lifespan": 10.0,
                  "size": 10.0,
                  "sound_event": ""
                }
              ]
            }
          ]
        }
      },
  
        "minecraft:sucho_adult": {
          "minecraft:scale": {
            "value": 1.0
          },
          "minecraft:loot": {
            "table": "loot_tables/entities/sucho.json"
          },
          "minecraft:knockback_resistance": {
            "value": 0.75
          }
        },
        "minecraft:sucho_adult_wild": {
          "minecraft:type_family": {
            "family": [ "rex","carnivoro"]
          },
          "minecraft:attack": {
            "damage": {
              "range_min": 10,
              "range_max": 14
            }
          },
          "minecraft:behavior.breed": {
            "priority": 0,
            "speed_multiplier": 0.7
          },
          "minecraft:breedable": {
            "requireTame": false,
            "breedsWith": {
              "mateType": "jp:rexona",
              "babyType": "jp:rexyegg",
              "breed_event": {
                "event": "minecraft:entity_born",
                "target": "baby"
              }
            },
            "breedItems": [ "porkchop",
              "fish",
              "salmon",
              "clownfish",
              "pufferfish",
              "beef",
              "chicken",
              "muttonRaw",
              "rotten_flesh",
              "rabbit",
              "rabbit_stew"
            ]
          },
        "minecraft:health": {
            "value": 30,
            "max": 30
          },
        "minecraft:behavior.nearest_attackable_target": {
            "priority": 2,
            "within_radius": 28,
            "entity_types": [
              {
                "filters": { "other_with_families": [ "pig", "player", "sucho", "sheep", "donkey", "villager", "horse", "goat", "mule", "allo", "carno", "cow", "salmon", "herbdinosaur", "raptor" ] },
                "max_dist": 32
              }
            ],
            "must_see": true
          },
          "minecraft:on_hurt_by_player": {},
      "minecraft:behavior.random_stroll": {
            "priority": 6,
            "speed_multiplier": 0.8
          },
          "minecraft:behavior.hurt_by_target": {
            "priority": 2
          }
        },
        
        "minecraft:sucho_baby_wild": {
        "minecraft:behavior.tempt": {
            "priority": 3,
            "speed_multiplier": 0.6,
            "items": [ "porkchop",
              "fish",
              "salmon",
              "clownfish",
              "pufferfish",
              "beef",
              "chicken",
              "muttonRaw",
              "rotten_flesh",
              "rabbit",
              "rabbit_stew" 
            ]
          },
          "minecraft:is_baby": {},
          "minecraft:health": {
            "value": 10,
            "max": 10
          },
          "minecraft:behavior.follow_parent": {
            "priority": 3,
            "speed_multiplier": 1.1
          },
          "minecraft:scale_by_age": {
            "start_scale": 0.2,
            "end_scale": 1.0
          },
          "minecraft:ageable": {
            "duration": 1600,
           "feedItems": [
              {
                "item": "fish",
                "growth": 0.100
              },
              {
                "item": "salmon",
                "growth": 0.100
              },
              {
                "item": "clownfish",
                "growth": 0.100
              },
              {
                "item": "pufferfish",
                "growth": 0.100
              },
              {
                "item": "chicken",
                "growth": 0.100
              },
              {
                "item": "rabbit",
                "growth": 0.100
              },
              {
                "item": "rabbit_stew",
                "growth": 0.100
              },
              {
                "item": "muttonRaw",
                "growth": 0.100
              },
              {
                "item": "rotten_flesh",
                "growth": 0.100
              },
              {
                "item": "beef",
                "growth": 0.100
              },
              {
                "item": "porkchop",
                "growth": 0.100
              }
            ],
            "grow_up": {
              "event": "minecraft:ageable_grow_up_wild",
              "target": "self"
            }
          },
          "minecraft:behavior.panic": {
            "priority": 1,
            "speed_multiplier": 0.7
          }
        }
    },
  
      "components": {
        "minecraft:nameable": {},
        "minecraft:type_family": {
          "family": [ "rex" ]
        },
        "minecraft:movement": {
          "value": 0.3
        },
        "minecraft:underwater_movement": {
          "value": 0.2
        },
        "minecraft:movement.amphibious": {
          "max_turn": 15.0
        },
        "minecraft:jump.static": {
        },
        "minecraft:navigation.generic": {
          "is_amphibious": true,
          "can_path_over_water": false,
          "can_swim": true,
          "can_walk": true,
          "can_breach": true,
          "can_sink": false
        },
        "minecraft:follow_range": {
          "value": 30
        },
        "minecraft:breathable": {
          "totalSupply": 40,
          "suffocateTime": 0,
          "breathesWater": true,
          "breathesAir": true,
          "generatesBubbles": false
      },
      "minecraft:collision_box": {
        "width": 1.5,
        "height": 2.0
      },
      "minecraft:behavior.random_look_around_and_sit": {
        "priority": 4,
        "min_look_count": 2,
        "max_look_count": 5,
        "min_look_time": 100,
        "max_look_time": 300,
        "probability": 0.002
        },
        "minecraft:behavior.nap": {

          "priority": 9, 
          
          "cooldown_min": 60.0,
          
          "cooldown_max": 60.0,
          
          "mob_detect_dist": 1.0,
          
          "mob_detect_height": 1.0,
          
          "can_nap_filters": {
          
          "all_of": [
          
          { 
          
          "test": "in_water",
          
          "subject": "self",
          
          "operator": "==",
          
          "value": false
          
          },
          
          {
          
          "test": "is_daytime",
          
          "subject": "self",
          
          "operator": "==",
          
          "value": false
          
          }, 
          
          {
          
          "test": "on_ground",
          
          "subject": "self",
          
          "operator": "==",
          
          "value": true
          
          }
          
          ]
          
          }
          
          },
        "minecraft:behavior.delayed_attack": {
          "priority": 6,
          "speed_multiplier": 1.6,
          "reach_multiplier": 1.2,
          "attack_duration": 1.6,
          "hit_delay_pct": 1.0,
          "track_target": true,
          "sound_event": "attack.strong"
        },
        "minecraft:behavior.move_to_water": {
          "priority": 2,
          "search_range": 16,
          "search_height": 5,
          "goal_radius": 0.2,
          "probability": 0.01
        },
        "minecraft:behavior.move_to_land": {
          "priority": 6,
          "search_range": 15,
          "search_height": 5,
          "goal_radius": 0.5,
          "probability": 0.2
        },
        "minecraft:behavior.random_stroll": {
          "priority": 6,
          "probability": 0.1,
          "interval": 100
        },
        "minecraft:behavior.look_at_player": {
          "priority": 9,
          "look_distance": 6.0,
          "probability": 0.2
        },
        "minecraft:behavior.random_look_around": {
          "priority": 10,
          "probability": 0.2
        },
        "minecraft:behavior.hurt_by_target": {
          "priority": 1
        },
        "minecraft:physics": {
          "has_gravity": true
        }
      },
  

        "events": {
      "from_egg": {
        "add": { "component_groups": [ "minecraft:sucho_baby_wild" ] }
     },

	  "minecraft:entity_spawned": {
        "randomize": [
          {
            "weight": 8,
            "add": {
              "component_groups": [
                "minecraft:a",
                "minecraft:sucho_adult",
                "minecraft:sucho_adult_wild",
                "minecraft:sucho_roar"
              ]
            }
          },
		  {
            "weight": 8,
            "add": {
              "component_groups": [
                "minecraft:ab",
                "minecraft:sucho_adult",
                "minecraft:sucho_adult_wild",
                "minecraft:sucho_roar"
              ]
            }
          },
		  {
            "weight": 8,
            "add": {
              "component_groups": [
                "minecraft:ac",
                "minecraft:sucho_adult",
                "minecraft:sucho_adult_wild",
                "minecraft:sucho_roar"
              ]
            }
          },
		  {
            "weight": 8,
            "add": {
              "component_groups": [
                "minecraft:ad",
                "minecraft:sucho_adult",
                "minecraft:sucho_adult_wild",
                "minecraft:sucho_roar"
              ]
            }
          },
		  {
            "weight": 8,
            "add": {
              "component_groups": [
                "minecraft:ae",
                "minecraft:sucho_adult",
                "minecraft:sucho_adult_wild",
                "minecraft:sucho_roar"
              ]
            }
          },
		  {
            "weight": 8,
            "add": {
              "component_groups": [
                "minecraft:b",
                "minecraft:sucho_adult",
                "minecraft:sucho_adult_wild",
                "minecraft:sucho_roar"
              ]
            }
          },
		  {
            "weight": 8,
            "add": {
              "component_groups": [
                "minecraft:bb",
                "minecraft:sucho_adult",
                "minecraft:sucho_adult_wild",
                "minecraft:sucho_roar"
              ]
            }
          },
		  {
            "weight": 8,
            "add": {
              "component_groups": [
                "minecraft:bc",
                "minecraft:sucho_adult",
                "minecraft:sucho_adult_wild",
                "minecraft:sucho_roar"
              ]
            }
          },
		  {
            "weight": 8,
            "add": {
              "component_groups": [
                "minecraft:bd",
                "minecraft:sucho_adult",
                "minecraft:sucho_adult_wild",
                "minecraft:sucho_roar"
              ]
            }
          },
		  {
            "weight": 8,
            "add": {
              "component_groups": [
                "minecraft:be",
                "minecraft:sucho_adult",
                "minecraft:sucho_adult_wild",
                "minecraft:sucho_roar"
              ]
            }
          },
		  {
        "weight": 8,
        "add": {
          "component_groups": [
            "minecraft:c",
            "minecraft:sucho_adult",
            "minecraft:sucho_adult_wild",
            "minecraft:sucho_roar"
          ]
        }
      },
  {
        "weight": 8,
        "add": {
          "component_groups": [
            "minecraft:cb",
            "minecraft:sucho_adult",
            "minecraft:sucho_adult_wild",
            "minecraft:sucho_roar"
          ]
        }
      },
  {
        "weight": 8,
        "add": {
          "component_groups": [
            "minecraft:cc",
            "minecraft:sucho_adult",
            "minecraft:sucho_adult_wild",
            "minecraft:sucho_roar"
          ]
        }
      },
  {
        "weight": 8,
        "add": {
          "component_groups": [
            "minecraft:cd",
            "minecraft:sucho_adult",
            "minecraft:sucho_adult_wild",
            "minecraft:sucho_roar"
          ]
        }
      },
  {
        "weight": 8,
        "add": {
          "component_groups": [
            "minecraft:ce",
            "minecraft:sucho_adult",
            "minecraft:sucho_adult_wild",
            "minecraft:sucho_roar"
          ]
        }
      },
  {
        "weight": 8,
        "add": {
          "component_groups": [
            "minecraft:d",
            "minecraft:sucho_adult",
            "minecraft:sucho_adult_wild",
            "minecraft:sucho_roar"
          ]
        }
      },
  {
        "weight": 8,
        "add": {
          "component_groups": [
            "minecraft:db",
            "minecraft:sucho_adult",
            "minecraft:sucho_adult_wild",
            "minecraft:sucho_roar"
          ]
        }
      },
  {
        "weight": 8,
        "add": {
          "component_groups": [
            "minecraft:dc",
            "minecraft:sucho_adult",
            "minecraft:sucho_adult_wild",
            "minecraft:sucho_roar"
          ]
        }
      },
  {
        "weight": 8,
        "add": {
          "component_groups": [
            "minecraft:dd",
            "minecraft:sucho_adult",
            "minecraft:sucho_adult_wild",
            "minecraft:sucho_roar"
          ]
        }
      },
  {
        "weight": 8,
        "add": {
          "component_groups": [
            "minecraft:de",
            "minecraft:sucho_adult",
            "minecraft:sucho_adult_wild",
            "minecraft:sucho_roar"
          ]
        }
      },
  {
    "weight": 8,
    "add": {
      "component_groups": [
        "minecraft:e",
        "minecraft:sucho_adult",
        "minecraft:sucho_adult_wild",
        "minecraft:sucho_roar"
      ]
    }
  },
{
    "weight": 8,
    "add": {
      "component_groups": [
        "minecraft:eb",
        "minecraft:sucho_adult",
        "minecraft:sucho_adult_wild",
        "minecraft:sucho_roar"
      ]
    }
  },
{
    "weight": 8,
    "add": {
      "component_groups": [
        "minecraft:ec",
        "minecraft:sucho_adult",
        "minecraft:sucho_adult_wild",
        "minecraft:sucho_roar"
      ]
    }
  },
{
    "weight": 8,
    "add": {
      "component_groups": [
        "minecraft:ed",
        "minecraft:sucho_adult",
        "minecraft:sucho_adult_wild",
        "minecraft:sucho_roar"
      ]
    }
  },
{
    "weight": 8,
    "add": {
      "component_groups": [
        "minecraft:ee",
        "minecraft:sucho_adult",
        "minecraft:sucho_adult_wild",
        "minecraft:sucho_roar"
      ]
    }
  },
{
    "weight": 8,
    "add": {
      "component_groups": [
        "minecraft:f",
        "minecraft:sucho_adult",
        "minecraft:sucho_adult_wild",
        "minecraft:sucho_roar"
      ]
    }
  },
{
    "weight": 8,
    "add": {
      "component_groups": [
        "minecraft:fb",
        "minecraft:sucho_adult",
        "minecraft:sucho_adult_wild",
        "minecraft:sucho_roar"
      ]
    }
  },
{
    "weight": 8,
    "add": {
      "component_groups": [
        "minecraft:fc",
        "minecraft:sucho_adult",
        "minecraft:sucho_adult_wild",
        "minecraft:sucho_roar"
      ]
    }
  },
{
    "weight": 8,
    "add": {
      "component_groups": [
        "minecraft:fd",
        "minecraft:sucho_adult",
        "minecraft:sucho_adult_wild",
        "minecraft:sucho_roar"
      ]
    }
  },
{
    "weight": 8,
    "add": {
      "component_groups": [
        "minecraft:fe",
        "minecraft:sucho_adult",
        "minecraft:sucho_adult_wild",
        "minecraft:sucho_roar"
      ]
    }
  },
{
        "weight": 2,
        "add": {
          "component_groups": [
            "minecraft:a",               "minecraft:sucho_baby_wild",
            "minecraft:baby"
          ]
        }
      },
      {
        "weight": 2,
        "add": {
          "component_groups": [
            "minecraft:ab",               "minecraft:sucho_baby_wild",
            "minecraft:baby"
          ]
        }
      },
  {
              "weight": 2,
              "add": {
                "component_groups": [
                  "minecraft:ac",               "minecraft:sucho_baby_wild",
                  "minecraft:baby"
                ]
              }
            },
            {
              "weight": 2,
              "add": {
                "component_groups": [
                  "minecraft:ad",               "minecraft:sucho_baby_wild",
                  "minecraft:baby"
                ]
              }
            },
            {
              "weight": 2,
              "add": {
                "component_groups": [
                  "minecraft:ae",               "minecraft:sucho_baby_wild",
                  "minecraft:baby"
                ]
              }
            },
            {
              "weight": 2,
              "add": {
                "component_groups": [
                  "minecraft:b",               "minecraft:sucho_baby_wild",
                  "minecraft:baby"
                ]
              }
            },
            {
              "weight": 2,
              "add": {
                "component_groups": [
                  "minecraft:bb",               "minecraft:sucho_baby_wild",
                  "minecraft:baby"
                ]
              }
            },
            {
              "weight": 2,
              "add": {
                "component_groups": [
                  "minecraft:bc",               "minecraft:sucho_baby_wild",
                  "minecraft:baby"
                ]
              }
            },
            {
              "weight": 2,
              "add": {
                "component_groups": [
                  "minecraft:bd",               "minecraft:sucho_baby_wild",
                  "minecraft:baby"
                ]
              }
            },
            {
              "weight": 2,
              "add": {
                "component_groups": [
                  "minecraft:be",               "minecraft:sucho_baby_wild",
                  "minecraft:baby"
                ]
              }
            },
          {
                  "weight": 2,
                  "add": {
                    "component_groups": [
                      "minecraft:c",               "minecraft:sucho_baby_wild",
                      "minecraft:baby"
                    ]
                  }
                },
                {
                  "weight": 2,
                  "add": {
                    "component_groups": [
                      "minecraft:cb",               "minecraft:sucho_baby_wild",
                      "minecraft:baby"
                    ]
                  }
                },
            {
                        "weight": 2,
                        "add": {
                          "component_groups": [
                            "minecraft:cc",               "minecraft:sucho_baby_wild",
                            "minecraft:baby"
                          ]
                        }
                      },
                      {
                        "weight": 2,
                        "add": {
                          "component_groups": [
                            "minecraft:cd",               "minecraft:sucho_baby_wild",
                            "minecraft:baby"
                          ]
                        }
                      },
                      {
                        "weight": 2,
                        "add": {
                          "component_groups": [
                            "minecraft:ce",               "minecraft:sucho_baby_wild",
                            "minecraft:baby"
                          ]
                        }
                      },
                      {
                        "weight": 2,
                        "add": {
                          "component_groups": [
                            "minecraft:d",               "minecraft:sucho_baby_wild",
                            "minecraft:baby"
                          ]
                        }
                      },
                      {
                        "weight": 2,
                        "add": {
                          "component_groups": [
                            "minecraft:db",               "minecraft:sucho_baby_wild",
                            "minecraft:baby"
                          ]
                        }
                      },
                      {
                        "weight": 2,
                        "add": {
                          "component_groups": [
                            "minecraft:dc",               "minecraft:sucho_baby_wild",
                            "minecraft:baby"
                          ]
                        }
                      },
                      {
                        "weight": 2,
                        "add": {
                          "component_groups": [
                            "minecraft:dd",               "minecraft:sucho_baby_wild",
                            "minecraft:baby"
                          ]
                        }
                      },
                      {
                        "weight": 2,
                        "add": {
                          "component_groups": [
                            "minecraft:de",               "minecraft:sucho_baby_wild",
                            "minecraft:baby"
                          ]
                        }
                      },
                    {
                            "weight": 2,
                            "add": {
                              "component_groups": [
                                "minecraft:e",               "minecraft:sucho_baby_wild",
                                "minecraft:baby"
                              ]
                            }
                          },
                          {
                            "weight": 2,
                            "add": {
                              "component_groups": [
                                "minecraft:eb",               "minecraft:sucho_baby_wild",
                                "minecraft:baby"
                              ]
                            }
                          },
                      {
                                  "weight": 2,
                                  "add": {
                                    "component_groups": [
                                      "minecraft:ec",               "minecraft:sucho_baby_wild",
                                      "minecraft:baby"
                                    ]
                                  }
                                },
                                {
                                  "weight": 2,
                                  "add": {
                                    "component_groups": [
                                      "minecraft:ed",               "minecraft:sucho_baby_wild",
                                      "minecraft:baby"
                                    ]
                                  }
                                },
                                {
                                  "weight": 2,
                                  "add": {
                                    "component_groups": [
                                      "minecraft:ee",               "minecraft:sucho_baby_wild",
                                      "minecraft:baby"
                                    ]
                                  }
                                },
                                {
                                  "weight": 2,
                                  "add": {
                                    "component_groups": [
                                      "minecraft:f",               "minecraft:sucho_baby_wild",
                                      "minecraft:baby"
                                    ]
                                  }
                                },
                                {
                                  "weight": 2,
                                  "add": {
                                    "component_groups": [
                                      "minecraft:fb",               "minecraft:sucho_baby_wild",
                                      "minecraft:baby"
                                    ]
                                  }
                                },
                                {
                                  "weight": 2,
                                  "add": {
                                    "component_groups": [
                                      "minecraft:fc",               "minecraft:sucho_baby_wild",
                                      "minecraft:baby"
                                    ]
                                  }
                                },
                                {
                                  "weight": 2,
                                  "add": {
                                    "component_groups": [
                                      "minecraft:fd",               "minecraft:sucho_baby_wild",
                                      "minecraft:baby"
                                    ]
                                  }
                                },
                                {
                                  "weight": 2,
                                  "add": {
                                    "component_groups": [
                                      "minecraft:fe",               "minecraft:sucho_baby_wild",
                                      "minecraft:baby"
          ]
        }
      }
    ]
  },
        "minecraft:entity_born": {
          "add": {
          "component_groups": [
            "minecraft:sucho_baby_wild"
            ]
          }
        },
        "minecraft:entity_transformed": {
          "add": {
            "component_groups": [
              "minecraft:sucho_baby_wild"
            ]
          }
        },
        "minecraft:ageable_grow_up_wild": {
          "remove": {
            "component_groups": [ 
              "minecraft:sucho_baby_wild"
            ]
          },
          "add": {
            "component_groups": [
              "minecraft:sucho_adult",
          "minecraft:sucho_attack",
              "minecraft:sucho_adult_wild",
              "minecraft:sucho_roar"
            ]
          }
        },
         
      
      "minecraft:is_sitting": {
          "remove": {
            "component_groups": [
              "minecraft:standing"
            ]
          },
          "add": {
            "component_groups": [
              "minecraft:sitting"
            ]
          }
        },
        "minecraft:is_standing": {
          "remove": {
            "component_groups": [
              "minecraft:sitting"
            ]
          },
          "add": {
            "component_groups": [
              "minecraft:standing"
            ]
          }
        },
      
      "minecraft:on_leash": {
          "add": {
            "component_groups": [
              "minecraft:sucho_leashed"
            ]
          }
        },
        "minecraft:on_unleash": {
          "remove": {
            "component_groups": [
              "minecraft:sucho_leashed"
            ]
          }
        }
      }
    }
  }
  
  
