{
	"format_version": "1.10.0",
	"geometry.trident": {
		"texturewidth": 32,
		"textureheight": 32,
		"visible_bounds_width": 3,
		"visible_bounds_height": 2,
		"visible_bounds_offset": [0, 1, 0],
		"bones": [
			{
				"name": "bone9",
				"pivot": [7, 0, 0]
			},
			{
				"name": "pole4",
				"parent": "bone9",
				"pivot": [-5, 23, 0],
				"rotation": [0, 0, 90],
				"cubes": [
					{"origin": [-2, 31, 0], "size": [5, 1, 1], "uv": [17, 29]},
					{"origin": [-2, 27, 0], "size": [5, 1, 1], "uv": [17, 29]},
					{"origin": [-2, 28, 0], "size": [1, 4, 1], "uv": [17, 29]},
					{"origin": [-2, 25, 0], "size": [5, 2, 1], "uv": [13, 15]},
					{"origin": [-2, 32, 0], "size": [5, 2, 1], "uv": [13, 15]},
					{"origin": [3, 25, 0], "size": [2, 9, 1], "uv": [17, 6]},
					{"origin": [-4, 25, 0], "size": [2, 9, 1], "uv": [17, 6]},
					{"origin": [2, 28, 0], "size": [1, 4, 1], "uv": [17, 29]},
					{"origin": [5, 26, 0], "size": [1, 6, 1], "uv": [0, 0]},
					{"origin": [6, 27, 0], "size": [1, 5, 1], "uv": [0, 0]},
					{"origin": [7, 27, 0], "size": [1, 4, 1], "uv": [0, 0]},
					{"origin": [9, 28, 0], "size": [1, 2, 1], "uv": [0, 0]},
					{"origin": [8, 27, 0], "size": [1, 3, 1], "uv": [0, 0]}
				]
			},
			{
				"name": "bone7",
				"parent": "pole4",
				"pivot": [-5, -1, 0],
				"rotation": [0, 0, -20],
				"cubes": [
					{"origin": [12.78288, 20.45378, 0], "size": [8, 1, 1], "uv": [0, 0]}
				]
			},
			{
				"name": "bone8",
				"parent": "bone7",
				"pivot": [-5, -1, 0],
				"rotation": [0, 0, -125],
				"cubes": [
					{"origin": [-1.55418, -34.95832, 0], "size": [8, 1, 1], "uv": [0, 0]}
				]
			},
			{
				"name": "pole3",
				"parent": "bone9",
				"pivot": [-5, 23, 0],
				"rotation": [0, 0, 180],
				"cubes": [
					{"origin": [-14, 30, 0], "size": [5, 1, 1], "uv": [17, 29]},
					{"origin": [-14, 26, 0], "size": [5, 1, 1], "uv": [17, 29]},
					{"origin": [-14, 27, 0], "size": [1, 4, 1], "uv": [17, 29]},
					{"origin": [-14, 24, 0], "size": [5, 2, 1], "uv": [13, 15]},
					{"origin": [-14, 31, 0], "size": [5, 2, 1], "uv": [13, 15]},
					{"origin": [-9, 24, 0], "size": [2, 9, 1], "uv": [17, 6]},
					{"origin": [-16, 24, 0], "size": [2, 9, 1], "uv": [17, 6]},
					{"origin": [-10, 27, 0], "size": [1, 4, 1], "uv": [17, 29]},
					{"origin": [-7, 25, 0], "size": [1, 6, 1], "uv": [0, 0]},
					{"origin": [-6, 26, 0], "size": [1, 5, 1], "uv": [0, 0]},
					{"origin": [-5, 26, 0], "size": [1, 4, 1], "uv": [0, 0]},
					{"origin": [-3, 27, 0], "size": [1, 2, 1], "uv": [0, 0]},
					{"origin": [-4, 26, 0], "size": [1, 3, 1], "uv": [0, 0]}
				]
			},
			{
				"name": "bone5",
				"parent": "pole3",
				"pivot": [-5, -1, 0],
				"rotation": [0, 0, -20],
				"cubes": [
					{"origin": [1.16455, 23.61833, 0], "size": [8, 1, 1], "uv": [0, 0]}
				]
			},
			{
				"name": "bone6",
				"parent": "bone5",
				"pivot": [-5, -1, 0],
				"rotation": [0, 0, -125],
				"cubes": [
					{"origin": [7.70207, -27.25625, 0], "size": [8, 1, 1], "uv": [0, 0]}
				]
			},
			{
				"name": "pole",
				"parent": "bone9",
				"pivot": [7, 24, 0],
				"cubes": [
					{"origin": [-1, 19, 0], "size": [5, 1, 1], "uv": [17, 29]},
					{"origin": [-1, 15, 0], "size": [5, 1, 1], "uv": [17, 29]},
					{"origin": [-1, 16, 0], "size": [1, 4, 1], "uv": [17, 29]},
					{"origin": [-1, 13, 0], "size": [5, 2, 1], "uv": [13, 15]},
					{"origin": [-1, 20, 0], "size": [5, 2, 1], "uv": [13, 15]},
					{"origin": [4, 13, 0], "size": [2, 9, 1], "uv": [17, 6]},
					{"origin": [-3, 13, 0], "size": [2, 9, 1], "uv": [17, 6]},
					{"origin": [3, 16, 0], "size": [1, 4, 1], "uv": [17, 29]},
					{"origin": [6, 14, 0], "size": [1, 6, 1], "uv": [0, 0]},
					{"origin": [7, 15, 0], "size": [1, 5, 1], "uv": [0, 0]},
					{"origin": [8, 15, 0], "size": [1, 4, 1], "uv": [0, 0]},
					{"origin": [10, 16, 0], "size": [1, 2, 1], "uv": [0, 0]},
					{"origin": [9, 15, 0], "size": [1, 3, 1], "uv": [0, 0]}
				]
			},
			{
				"name": "bone",
				"parent": "pole",
				"pivot": [7, 0, 0],
				"rotation": [0, 0, -20],
				"cubes": [
					{"origin": [10, 13, 0], "size": [8, 1, 1], "uv": [0, 0]}
				]
			},
			{
				"name": "bone2",
				"parent": "bone",
				"pivot": [7, 0, 0],
				"rotation": [0, 0, -125],
				"cubes": [
					{"origin": [12, -17, 0], "size": [8, 1, 1], "uv": [0, 0]}
				]
			},
			{
				"name": "pole2",
				"parent": "pole",
				"pivot": [7, 24, 0],
				"rotation": [0, 0, -90],
				"cubes": [
					{"origin": [-2, 31, 0], "size": [5, 1, 1], "uv": [17, 29]},
					{"origin": [-2, 27, 0], "size": [5, 1, 1], "uv": [17, 29]},
					{"origin": [-2, 28, 0], "size": [1, 4, 1], "uv": [17, 29]},
					{"origin": [-2, 25, 0], "size": [5, 2, 1], "uv": [13, 15]},
					{"origin": [-2, 32, 0], "size": [5, 2, 1], "uv": [13, 15]},
					{"origin": [3, 25, 0], "size": [2, 9, 1], "uv": [17, 6]},
					{"origin": [-4, 25, 0], "size": [2, 9, 1], "uv": [17, 6]},
					{"origin": [2, 28, 0], "size": [1, 4, 1], "uv": [17, 29]},
					{"origin": [5, 26, 0], "size": [1, 6, 1], "uv": [0, 0]},
					{"origin": [6, 27, 0], "size": [1, 5, 1], "uv": [0, 0]},
					{"origin": [7, 27, 0], "size": [1, 4, 1], "uv": [0, 0]},
					{"origin": [9, 28, 0], "size": [1, 2, 1], "uv": [0, 0]},
					{"origin": [8, 27, 0], "size": [1, 3, 1], "uv": [0, 0]}
				]
			},
			{
				"name": "bone3",
				"parent": "pole2",
				"pivot": [7, 0, 0],
				"rotation": [0, 0, -20],
				"cubes": [
					{"origin": [13.16455, 24.61833, 0], "size": [8, 1, 1], "uv": [0, 0]}
				]
			},
			{
				"name": "bone4",
				"parent": "bone3",
				"pivot": [7, 0, 0],
				"rotation": [0, 0, -125],
				"cubes": [
					{"origin": [19.70207, -26.25625, 0], "size": [8, 1, 1], "uv": [0, 0]}
				]
			}
		]
	}
}