{
"geometry.bat": {
    "texturewidth": 128,
    "textureheight": 128,
    "bones": [
      {
        "name": "head",
        "pivot": [ 0.0, 30.0, 0.0 ],
        "cubes": [
          {
            "origin": [ -2.5, 27.0, -3.0 ],
            "size": [ 5, 5, 4 ],
            "uv": [ 0, 0 ],
            "inflate": 0.1
          },
          {
            "origin": [ -2.0, 29.5, -12.0 ],
            "size": [ 4, 1, 9 ],
            "uv": [ 9, 0 ]
          },
          {
            "origin": [ -1.5, 29.5, -17.0 ],
            "size": [ 3, 1, 5 ],
            "uv": [ 26, 0 ]
          },
		     {
            "origin": [ -1.5, 27.5, -17.0 ],
            "size": [ 3, 2, 5 ],
            "uv": [ 34, 31 ]
          }
        ],
        "material": "alpha"
      },
      {
        "name": "rightEar",
        "pivot": [ 0.0, 29.5, -17.0 ],
        "cubes": [
          {
            "origin": [ -1.0, 28.5, -17.0 ],
            "size": [ 2, 2, 16 ],
            "uv": [ 65, 12 ]
          },
          {
            "origin": [ -1.0, 31.5, 6.8 ],
            "size": [ 2, 2, 5 ],
            "uv": [ 48, 18 ],
            "inflate": -0.2
          },
          {
            "origin": [ -1.5, 27.0, -11.5 ],
            "size": [ 3, 1, 9 ],
            "uv": [ 35, 0 ]
          },
          {
            "origin": [ -1.0, 27.0, -16.5 ],
            "size": [ 2, 1, 5 ],
            "uv": [ 49, 0 ]
          },
		     {
            "origin": [ -1.0, 28.0, -16.5 ],
            "size": [ 2, 2, 5 ],
            "uv": [ 34, 38 ]
          }
        ],
        "parent": "head",
        "material": "alpha",
        "rotation": [ 5, 0, 0 ]
      },
      {
        "name": "leftEar",
        "mirror": true,
        "pivot": [ 0.0, 32.5, -3.0 ],
        "cubes": [
          {
            "origin": [ -1.0, 29.0, -3.0 ],
            "size": [ 2, 3, 10 ],
            "uv": [ 34, 18 ]
          }
        ],
        "parent": "head",
        "material": "alpha",
        "rotation": [ 20, 0, 0 ]
      },
      {
        "name": "body",
        "pivot": [ 0.0, 24.0, 0.0 ],
        "cubes": [
          {
            "origin": [ -2.0, 15.0, -2.0 ],
            "size": [ 4, 9, 4 ],
            "uv": [ 0, 10 ]
          },
          {
            "origin": [ -3.0, 12.0, -3.0 ],
            "size": [ 6, 3, 6 ],
            "uv": [ 0, 23 ]
          },
          {
            "origin": [ -4.0, 4.0, -4.5 ],
            "size": [ 8, 8, 8 ],
            "uv": [ 0, 32 ]
          },
          {
            "origin": [ -3.0, -5.0, -4.0 ],
            "size": [ 6, 9, 7 ],
            "uv": [ 0, 48 ]
          },
          
          {
            "origin": [ -5.0, -8.0, -6.0 ],
            "size": [ 3, 7, 4 ],
            "uv": [ 24, 10 ]
          },
          {
            "origin": [ 2.0, -8.0, -6.0 ],
            "size": [ 3, 7, 4 ],
            "uv": [ 24, 10 ]
          },
          
          {
            "origin": [ -4.5, -15.0, -3.0 ],
            "size": [ 2, 8, 2 ],
            "uv": [ 24, 21 ]
          },
          {
            "origin": [ 3.5, -15.0, -3.0 ],
            "size": [ 2, 8, 2 ],
            "uv": [ 24, 21 ]
          },
          
          {
            "origin": [ -5.5, -17.0, -1.5 ],
            "size": [ 4, 4, 1 ],
            "uv": [ 24, 31 ]
          },
          {
            "origin": [ 2.5, -17.0, -1.5 ],
            "size": [ 4, 4, 1 ],
            "uv": [ 24, 31 ]
          },
          
          {
            "origin": [ -2.5, -6.0, -1.5 ],
            "size": [ 5, 1, 4 ],
            "uv": [ 0, 64 ]
          },
          {
            "origin": [ -1.5, -7.0, -1.0 ],
            "size": [ 3, 1, 3 ],
            "uv": [ 0, 69 ]
          },
          {
            "origin": [ -1.0, -9.0, -0.5 ],
            "size": [ 2, 2, 2 ],
            "uv": [ 0, 73 ]
          }
        ],
        "material": "alpha"
      },
      {
        "name": "rightWing",
        "pivot": [ 0.0, 29.0, 0.0 ],
        "cubes": [
          {
            "origin": [ -18.0, 0.0, 1.5 ],
            "size": [ 16, 16, 1 ],
            "uv": [ 0, 77 ]
          },
          {
            "origin": [ -18.0, 15.5, 0.5 ],
            "size": [ 10, 2, 2 ],
            "uv": [ 65, 6 ]
          },
          {
            "origin": [ -8.0, 15.0, 0.0 ],
            "size": [ 6, 3, 3 ],
            "uv": [ 65, 0 ]
          },
          {
            "origin": [ -18.0, 17.3, -1.8 ],
            "size": [ 1, 1, 3 ],
            "uv": [ 83, 0 ],
            "inflate": -0.2
          },
          {
            "origin": [ -17.0, 17.4, -2.0 ],
            "size": [ 1, 1, 3 ],
            "uv": [ 83, 0 ],
            "inflate": -0.1
          },
          {
            "origin": [ -16.0, 17.3, -1.8 ],
            "size": [ 1, 1, 3 ],
            "uv": [ 83, 0 ],
            "inflate": -0.2
          }
        ],
        "parent": "body",
        "material": "alpha"
      },
      {
        "name": "rightWingTip",
        "pivot": [ -18.0, 17.0, 1.5 ],
        "cubes": [
          {
            "origin": [ -40.0, -5.0, 1.5 ],
            "size": [ 22, 16, 1 ],
            "uv": [ 0, 94 ]
          },
          {
            "origin": [ -40.0, 11.0, 1.0 ],
            "size": [ 22, 1, 1 ],
            "uv": [ 65, 10 ]
          }
        ],
        "parent": "rightWing",
        "material": "alpha",
        "pos": [ -12, 1, 1.5 ]
      },
      {
        "name": "leftWing",
        "mirror": true,
        "pivot": [ 0.0, 29.0, 0.0 ],
        "cubes": [
          {
            "origin": [ 2.0, 0.0, 1.5 ],
            "size": [ 16, 16, 1 ],
            "uv": [ 0, 77 ]
          },
          {
            "origin": [ 8.0, 15.5, 0.5 ],
            "size": [ 10, 2, 2 ],
            "uv": [ 65, 6 ]
          },
          {
            "origin": [ 2.0, 15.0, 0.0 ],
            "size": [ 6, 3, 3 ],
            "uv": [ 65, 0 ]
          },
          {
            "origin": [ 17.0, 17.3, -1.8 ],
            "size": [ 1, 1, 3 ],
            "uv": [ 83, 0 ],
            "inflate": -0.2
          },
          {
            "origin": [ 16.0, 17.4, -2.0 ],
            "size": [ 1, 1, 3 ],
            "uv": [ 83, 0 ],
            "inflate": -0.1
          },
          {
            "origin": [ 15.0, 17.3, -1.8 ],
            "size": [ 1, 1, 3 ],
            "uv": [ 83, 0 ],
            "inflate": -0.2
          }
        ],
        "parent": "body",
        "material": "alpha"
      },
      {
        "name": "leftWingTip",
        "mirror": true,
        "pivot": [ 18.0, 17.0, 1.5 ],
        "cubes": [
          {
            "origin": [ 18.0, -5.0, 1.5 ],
            "size": [ 22, 16, 1 ],
            "uv": [ 0, 94 ]
          },
          {
            "origin": [ 18.0, 11.0, 1.0 ],
            "size": [ 22, 1, 1 ],
            "uv": [ 65, 10 ]
          }
        ],
        "parent": "leftWing",
        "material": "alpha",
        "pos": [ 12, 1, 1.5 ]
      }
    ]
  }
}