{
  "format_version": "1.10.0",
  "minecraft:client_entity": {
    "description": {
      "identifier": "jp:homa",
      "textures": {
        "default": "textures/entity/homaingen" 
      },
      "materials": {
        "default": "skeleton"
      }, 
      "geometry": {
        "default": "geometry.homa"
      },
      "render_controllers": [
        "controller.render.default"
      ], 
			"spawn_egg": {
				"base_color": "#a9987d",
				"overlay_color": "#a79f33"
			},
      "animations": {
        "move": "animation.homa.move",
        "setup": "animation.homa.setup",
        "look_at_target": "animation.common.look_at_target",
        "idle": "animation.homa.setup",
     "roar":"animation.homa.casting",
        "rest": "animation.homa.rest",
        "dead": "animation.huang.dead", 
        "sleep": "animation.homa.sleep",
        "drink": "animation.huang.drink", 
        "root": "controller.animation.subaquatic.root",
        "attack": "animation.deinojpog.attack"
      }, 
      "scripts": {
        "pre_animation": 
            [ 
            "variable.tail = query.ground_speed == 0 ? Math.cos(query.anim_time * 150) *  5.0 : Math.sin(-query.yaw_speed) * 10;",
            "variable.tail1 = query.ground_speed == 0 ? Math.cos(query.anim_time * 100) *  5.0 : Math.sin(-query.yaw_speed) * 10;",
            "variable.tail2 = query.ground_speed == 0 ? Math.cos(query.anim_time * 80) *  5.0 : Math.sin(-query.yaw_speed) * 10;",
            "variable.tail3 = query.ground_speed == 0 ? Math.cos(query.anim_time * 60) *  5.0 : Math.sin(-query.yaw_speed) * 10;",
            "variable.tail4 = query.ground_speed == 0 ? Math.cos(query.anim_time * 50) *  5.0 : Math.sin(-query.yaw_speed) * 10;",
            "variable.tail5 = query.ground_speed == 0 ? Math.cos(query.anim_time * 20) *  5.0 : Math.sin(-query.yaw_speed) * 10;",
            "variable.tail6 = query.ground_speed == 0 ? Math.cos(query.anim_time * 10) *  5.0 : Math.sin(-query.yaw_speed) * 10;",
            "variable.tail7 = query.ground_speed == 0 ? Math.cos(query.anim_time * 10) *  5.0 : Math.sin(-query.yaw_speed) * 10;",
            "variable.tail8 = query.ground_speed == 0 ? Math.cos(query.anim_time * 10) *  5.0 : Math.sin(-query.yaw_speed) * 10;",
            "variable.neck = query.ground_speed == 0 ? Math.cos(query.anim_time * 150) *  5.0 : Math.sin(-query.yaw_speed) * 10;",
            "variable.neck2 = query.ground_speed == 0 ? Math.cos(query.anim_time * 80) *  5.0 : Math.sin(-query.yaw_speed) * 10;"
            ],    
        "animate": [
          "root", 
        { "move": "query.modified_move_speed" }
        ]
      }
    } 
  }
}