{
  "format_version": "1.12",
  "minecraft:recipe_shaped": {
    "description": {
      "identifier": "homa_egg"
    },
    "tags": [
      "incubator"
    ],
    "pattern": [
      "ABC"
    ],
    "key": {
      "A": {
        "item": "jp:homadna",
        "data": 0
      },
      "B": {
        "item": "jp:frogdna",
        "data": 0
      },
      "C": {
        "item": "minecraft:egg",
        "data": 0
      }
    },
    "result": {
      "item": "spawn_egg",
      "data": "query.get_actor_info_id('jp:homaegg')"
    }
  }
}