{
	"format_version": "1.12.0",
	"minecraft:geometry": [
		{
			"description": {
				"identifier": "geometry.amoratus",
				"texture_width": 64,
				"texture_height": 64,
				"visible_bounds_width": 6,
				"visible_bounds_height": 2.5,
				"visible_bounds_offset": [0, 0.75, 0]
			},
			"bones": [
				{
					"name": "Amoratus",
					"pivot": [0, 0, 0]
				},
				{
					"name": "bone",
					"parent": "Amoratus",
					"pivot": [1, 0, 0],
					"cubes": [
						{"origin": [-4.5, 3.5, 3.5], "size": [2, 7, 2], "inflate": 0.1, "pivot": [-3, 5, 5], "rotation": [-92.5, 0, 0], "uv": [0, 43]}
					]
				},
				{
					"name": "bone2",
					"parent": "bone",
					"pivot": [1, 0, 0],
					"cubes": [
						{"origin": [-4.5, -2.5, 5.5], "size": [2, 6, 2], "pivot": [1, 0, 0], "rotation": [25, 0, 0], "uv": [8, 43]}
					]
				},
				{
					"name": "bone3",
					"parent": "bone2",
					"pivot": [-3, 5, 5],
					"cubes": [
						{"origin": [-5, 0, 2], "size": [3, 1, 6], "uv": [0, 36]}
					]
				},
				{
					"name": "bone4",
					"parent": "Amoratus",
					"pivot": [-1, 0, 0],
					"cubes": [
						{"origin": [2.5, 3.5, 3.5], "size": [2, 7, 2], "inflate": 0.1, "pivot": [3, 5, 5], "rotation": [-92.5, 0, 0], "uv": [24, 0]}
					]
				},
				{
					"name": "bone5",
					"parent": "bone4",
					"pivot": [-1, 0, 0],
					"cubes": [
						{"origin": [2.5, -2.5, 5.5], "size": [2, 6, 2], "pivot": [-1, 0, 0], "rotation": [25, 0, 0], "uv": [42, 29]}
					]
				},
				{
					"name": "bone6",
					"parent": "bone5",
					"pivot": [3, 5, 5],
					"cubes": [
						{"origin": [2, 0, 2], "size": [3, 1, 6], "uv": [30, 31]}
					]
				},
				{
					"name": "Body",
					"parent": "Amoratus",
					"pivot": [0, 0, 0],
					"cubes": [
						{"origin": [-3.05, 4.5, -1.5], "size": [6.1, 6, 12], "pivot": [0.05, 0, 0], "rotation": [-7.5, 0, 0], "uv": [0, 0]},
						{"origin": [0, 9.5, -1.5], "size": [0, 3, 12], "pivot": [-3, 0, 0], "rotation": [-7.5, 0, 0], "uv": [0, 6]},
						{"origin": [-3, 4, -9.5], "size": [6, 6, 7], "pivot": [0, 0, 0], "rotation": [-25, 0, 0], "uv": [17, 18]},
						{"origin": [0, 9, -9.5], "size": [0, 3, 7], "pivot": [-3, 0, 0], "rotation": [-25, 0, 0], "uv": [18, 35]}
					]
				},
				{
					"name": "bone7",
					"parent": "Body",
					"pivot": [0, 0, 1],
					"cubes": [
						{"origin": [-4.6, 4.8, -2.2], "size": [2.2, 5, 2], "inflate": 0.2, "pivot": [0, 0, 1], "rotation": [20, 0, 0], "uv": [38, 43]}
					]
				},
				{
					"name": "bone13",
					"parent": "bone7",
					"pivot": [0, 0, 1],
					"cubes": [
						{"origin": [-4.5, -1.2, -5], "size": [2, 4, 2], "pivot": [0, 0, 1], "rotation": [-20, 0, 0], "uv": [16, 45]}
					]
				},
				{
					"name": "bone12",
					"parent": "bone7",
					"pivot": [0, 0, 1],
					"cubes": [
						{"origin": [-4.55, 0, -6], "size": [2.1, 1, 3], "uv": [0, 28]}
					]
				},
				{
					"name": "bone8",
					"parent": "Body",
					"pivot": [0, 0, 1],
					"cubes": [
						{"origin": [2.4, 4.8, -2.2], "size": [2.2, 5, 2], "inflate": 0.2, "pivot": [0, 0, 1], "rotation": [20, 0, 0], "uv": [30, 43]}
					]
				},
				{
					"name": "bone14",
					"parent": "bone8",
					"pivot": [0, 0, 1],
					"cubes": [
						{"origin": [2.5, -1.2, -5], "size": [2, 4, 2], "pivot": [0, 0, 1], "rotation": [-20, 0, 0], "uv": [43, 21]}
					]
				},
				{
					"name": "bone15",
					"parent": "bone8",
					"pivot": [0, 0, 1],
					"cubes": [
						{"origin": [2.45, 0, -6], "size": [2.1, 1, 3], "uv": [13, 21]}
					]
				},
				{
					"name": "bone9",
					"parent": "Body",
					"pivot": [0, 0, 0],
					"cubes": [
						{"origin": [-1.5, 6.5, 9.5], "size": [3, 4, 7], "pivot": [0.5, 0, 0], "rotation": [-10, 0, 0], "uv": [17, 31]}
					]
				},
				{
					"name": "bone11",
					"parent": "bone9",
					"pivot": [0, 0, 0],
					"cubes": [
						{"origin": [-1, 4.25, 17.5], "size": [2, 3, 9], "uv": [24, 0]}
					]
				},
				{
					"name": "bone10",
					"parent": "bone11",
					"pivot": [0, 0, 0],
					"cubes": [
						{"origin": [-0.5, 0.25, 26.5], "size": [1, 2, 11], "pivot": [0.5, 0, 0], "rotation": [10, 0, 0], "uv": [0, 21]}
					]
				},
				{
					"name": "Neck",
					"pivot": [0, 0, 0],
					"cubes": [
						{"origin": [-1.5, 8.8, -5.75], "size": [3, 7, 3], "pivot": [-0.5, 0, 0], "rotation": [7.5, 0, 0], "uv": [0, 0]}
					]
				},
				{
					"name": "Head",
					"parent": "Neck",
					"pivot": [0, 0, 0],
					"cubes": [
						{"origin": [-2, 11.6, -9.8], "size": [4, 4, 5], "pivot": [-1, 16, -5], "rotation": [-15, 0, 0], "uv": [36, 12]},
						{"origin": [0, 11.6, -7.8], "size": [0, 7, 4], "pivot": [-3, 16, -5], "rotation": [-45, 0, 0], "uv": [0, 17]},
						{"origin": [-1.55, 12, -12.8], "size": [3.1, 3, 4], "pivot": [-1.45, 16, -5], "rotation": [-15, 0, 0], "uv": [37, 0]},
						{"origin": [-1.5, 14.4, -12.8], "size": [3, 2, 3], "pivot": [-1.5, 16, -5], "rotation": [-5, 0, 0], "uv": [37, 38]}
					]
				}
			]
		}
	]
}