{
	"format_version": "1.12.0",
	"minecraft:geometry": [
		{
			"description": {
				"identifier": "geometry.brachioingen",
				"texture_width": 256,
				"texture_height": 256,
				"visible_bounds_width": 11,
				"visible_bounds_height": 9.5,
				"visible_bounds_offset": [0, 4.25, 0]
			},
			"bones": [
				{
					"name": "bone25",
					"pivot": [0, 0, 0]
				},
				{
					"name": "bone",
					"parent": "bone25",
					"pivot": [0, 136.7, -44.35],
					"cubes": [
						{"origin": [-3.9, 46.9, -27.15], "size": [7.8, 6.8, 6.6], "pivot": [0.1, 50.1, -15.85], "rotation": [-30, 0, 0], "uv": [104, 137]},
						{"origin": [-4, 45.1, -21.75], "size": [8, 6.8, 3.1], "pivot": [0, 48.3, -13.95], "rotation": [-35, 0, 0], "uv": [66, 23]},
						{"origin": [-3.8, 36.1, -24.75], "size": [7.6, 13.1, 4.8], "pivot": [0, 45.6, -16.75], "rotation": [-47.5, 0, 0], "uv": [130, 133]},
						{"origin": [-3.6, 38.4, -29.35], "size": [7.2, 11.7, 6.6], "pivot": [0, 47.9, -19.55], "rotation": [-55, 0, 0], "uv": [0, 128]},
						{"origin": [-3.5, 42, -32.65], "size": [7, 11, 6.6], "pivot": [0, 51.5, -22.85], "rotation": [-65, 0, 0], "uv": [54, 124]},
						{"origin": [-3.5, 55.8, -44.15], "size": [7, 6.4, 13.8], "pivot": [0.1, 58.6, -28.55], "rotation": [-82.5, 0, 0], "uv": [66, 39]},
						{"origin": [-3.7, 46.5, -34.95], "size": [7.4, 7.2, 7.9], "pivot": [0.1, 50.1, -20.95], "rotation": [-57.5, 0, 0], "uv": [35, 0]},
						{"origin": [-3.2, 47.2, -44.15], "size": [6.4, 8.5, 12.8], "pivot": [0, 56.7, -26.35], "rotation": [-85, 0, 0], "uv": [70, 84]},
						{"origin": [-3.4, 43.2, -35.25], "size": [6.8, 10.1, 4.6], "pivot": [0, 52.7, -25.35], "rotation": [-80, 0, 0], "uv": [148, 123]},
						{"origin": [-3.1, 58.6, -48.25], "size": [6.2, 7.6, 15.6], "pivot": [0, 68.1, -28.15], "rotation": [-95, 0, 0], "uv": [39, 17]},
						{"origin": [-3.3, 67.5, -49.15], "size": [6.6, 6.4, 15.2], "pivot": [0.1, 70.3, -30.75], "rotation": [-90, 0, 0], "uv": [63, 63]},
						{"origin": [-3.1, 74.5, -48.65], "size": [6.2, 6.4, 7.3], "pivot": [0.1, 77.3, -30.25], "rotation": [-87.5, 0, 0], "uv": [128, 0]},
						{"origin": [-3, 66.1, -45.95], "size": [6, 5.9, 8.6], "pivot": [0, 75.6, -25.85], "rotation": [-87.5, 0, 0], "uv": [126, 110]},
						{"origin": [-2.6, 75.6, -45.35], "size": [5.2, 5.9, 9.5], "pivot": [0, 85.1, -25.25], "rotation": [-82.5, 0, 0], "uv": [124, 87]},
						{"origin": [-2.9, 82, -48.35], "size": [5.8, 6.3, 9.2], "pivot": [0.1, 84.7, -28.65], "rotation": [-77.5, 0, 0], "uv": [119, 69]},
						{"origin": [-2.7, 90.9, -44.95], "size": [5.4, 6.3, 5.8], "pivot": [0, 93.6, -28.65], "rotation": [-67.5, 0, 0], "uv": [154, 137]},
						{"origin": [-2.5, 90, -44.95], "size": [5, 6.1, 6], "pivot": [0, 93.3, -28.65], "rotation": [-62.5, 0, 0], "uv": [148, 7]},
						{"origin": [-2.4, 96.6, -48.45], "size": [4.8, 5.4, 5], "pivot": [0, 96.4, -33.15], "rotation": [-57.5, 0, 0], "uv": [159, 149]},
						{"origin": [-2.5, 96.4, -44.75], "size": [5, 6.1, 5], "pivot": [0, 98.9, -29.45], "rotation": [-60, 0, 0], "uv": [154, 39]},
						{"origin": [-2.3, 101.5, -44.75], "size": [4.6, 5.9, 4.8], "pivot": [0, 103.8, -29.45], "rotation": [-47.5, 0, 0], "uv": [67, 163]},
						{"origin": [-2.1, 105.6, -45.65], "size": [4.2, 5.7, 3.3], "pivot": [0, 107.6, -32.05], "rotation": [-42.5, 0, 0], "uv": [0, 32]},
						{"origin": [-2, 100.2, -51.15], "size": [4, 5.4, 5], "pivot": [0, 100, -35.85], "rotation": [-60, 0, 0], "uv": [159, 112]},
						{"origin": [-1.9, 105.8, -50.65], "size": [3.8, 4, 5.1], "pivot": [0, 105.6, -35.85], "rotation": [-45, 0, 0], "uv": [96, 162]},
						{"origin": [-2, 110.5, -46.25], "size": [4, 5.5, 4.6], "pivot": [0, 112.3, -31.65], "rotation": [-22.5, 0, 0], "uv": [0, 162]},
						{"origin": [-1.8, 113.5, -47.75], "size": [3.6, 3.7, 2], "pivot": [0, 113.3, -33.15], "rotation": [-20, 0, 0], "uv": [44, 41]},
						{"origin": [-1.7, 113.3, -47.85], "size": [3.4, 2, 2.6], "pivot": [0, 113.1, -33.25], "rotation": [-12.5, 0, 0], "uv": [52, 39]},
						{"origin": [-1.6, 116.4, -50.85], "size": [3.2, 1.8, 3.8], "uv": [35, 15]},
						{"origin": [-1.5, 111.6, -52.75], "size": [3, 1.6, 1], "pivot": [0, 111.4, -37.75], "rotation": [-20, 0, 0], "uv": [0, 17]},
						{"origin": [-1.4, 105.7, -58.45], "size": [2.8, 1.6, 1], "pivot": [0, 105.5, -43.45], "rotation": [-52.5, 0, 0], "uv": [13, 0]},
						{"origin": [-1.7, 121.8, -53.05], "size": [3.4, 1.5, 2.9], "pivot": [0, 122, -35.65], "rotation": [15, 0, 0], "uv": [34, 43]},
						{"origin": [-1.5, 128.1, -55.25], "size": [3, 1, 1.3], "pivot": [0, 127.6, -38.85], "rotation": [37.5, 0, 0], "uv": [8, 17]},
						{"origin": [-1.6, 124.2, -52.35], "size": [3.2, 1.2, 1.8], "pivot": [0, 124, -35.55], "rotation": [20, 0, 0], "uv": [35, 0]},
						{"origin": [-1.7, 129.6, -52.75], "size": [3.4, 1.7, 3.2], "pivot": [0, 129.4, -35.05], "rotation": [37.5, 0, 0], "uv": [34, 39]},
						{"origin": [-1.8, 118.7, -50.05], "size": [3.6, 2.1, 2.5], "pivot": [0, 118.9, -33.05], "rotation": [2.5, 0, 0], "uv": [57, 0]},
						{"origin": [-1.9, 118.7, -47.65], "size": [3.8, 4, 2.3], "pivot": [0, 118.9, -33.05], "rotation": [2.5, 0, 0], "uv": [0, 40]},
						{"origin": [-0.5, 108.5, -57.95], "size": [1, 1, 1.7], "pivot": [0, 107.6, -41.75], "rotation": [-67.5, 0, 0], "uv": [0, 3]},
						{"origin": [-0.6, 116.6, -49.75], "size": [1.2, 1.3, 1.7], "pivot": [0, 116, -33.55], "rotation": [-22.5, 0, 0], "uv": [13, 2]},
						{"origin": [-0.7, 130.4, -51.35], "size": [1.4, 2.8, 1.7], "pivot": [0, 131.3, -35.15], "rotation": [37.5, 0, 0], "uv": [0, 0]},
						{"origin": [-0.6, 135.6, -56.65], "size": [1.2, 1.8, 1], "pivot": [0, 135.5, -40.45], "rotation": [62.5, 0, 0], "uv": [34, 34]},
						{"origin": [-0.5, 136.9, -61.65], "size": [1, 1.7, 1.8], "pivot": [0, 136.7, -44.35], "rotation": [77.5, 0, 0], "uv": [34, 32]}
					]
				},
				{
					"name": "bone2",
					"parent": "bone25",
					"pivot": [0, 32.8, 10.65],
					"cubes": [
						{"origin": [-4.8, 41.2, -16.65], "size": [9.6, 12.8, 8.9], "uv": [98, 98]},
						{"origin": [-4.7, 34.4, -20.65], "size": [9.4, 15.5, 8.9], "pivot": [0, 46.2, -12.75], "rotation": [-37.5, 0, 0], "uv": [36, 76]},
						{"origin": [-4.6, 27, -18.25], "size": [9.2, 14.6, 8.5], "pivot": [0, 38.8, -10.45], "rotation": [-45, 0, 0], "uv": [0, 86]},
						{"origin": [-4.5, 27, -19.95], "size": [9, 11.9, 4.6], "pivot": [0, 38.8, -12.15], "rotation": [-60, 0, 0], "uv": [127, 28]},
						{"origin": [-4.4, 23.9, -21.65], "size": [8.8, 11.9, 2.1], "pivot": [0, 35.7, -13.45], "rotation": [-80, 0, 0], "uv": [104, 149]},
						{"origin": [-4.8, 23, -12.85], "size": [9.6, 18.8, 12.5], "pivot": [0, 34.8, -5.05], "rotation": [-37.5, 0, 0], "uv": [36, 46]},
						{"origin": [-4.3, 19.9, -4.85], "size": [8.6, 18.8, 10.9], "pivot": [0, 31.7, 1.05], "rotation": [-20, 0, 0], "uv": [0, 58]},
						{"origin": [-4.1, 19.6, 0.25], "size": [8.2, 13.8, 19.9], "pivot": [0, 31.4, 6.15], "rotation": [7.5, 0, 0], "uv": [0, 0]},
						{"origin": [-5, 35.6, -1.25], "size": [10, 12.8, 14.9], "pivot": [0, 47.4, 4.65], "rotation": [-30, 0, 0], "uv": [0, 32]},
						{"origin": [-4.9, 39.2, -8.65], "size": [9.8, 12.8, 8.7], "pivot": [0, 51, -2.35], "rotation": [-20, 0, 0], "uv": [93, 23]},
						{"origin": [-4.8, 33.1, 9.05], "size": [9.6, 12.8, 6.4], "pivot": [0, 44.9, 6.45], "rotation": [-12.5, 0, 0], "uv": [34, 99]},
						{"origin": [-4.7, 32.5, 15.15], "size": [9.4, 12.8, 3.1], "pivot": [0, 44.3, 12.55], "rotation": [-25, 0, 0], "uv": [80, 137]},
						{"origin": [-4.6, 32.1, 18.05], "size": [9.2, 12.8, 4.8], "pivot": [0, 43.9, 15.35], "rotation": [-42.5, 0, 0], "uv": [26, 129]},
						{"origin": [-4.3, 29, 18.25], "size": [8.6, 12.8, 11.5], "pivot": [0, 40.8, 18.15], "rotation": [-27.5, 0, 0], "uv": [66, 0]},
						{"origin": [-3.9, 21, 19.75], "size": [7.8, 6.8, 4.9], "pivot": [0, 32.8, 10.65], "rotation": [2.5, 0, 0], "uv": [153, 29]}
					]
				},
				{
					"name": "bone3",
					"parent": "bone25",
					"pivot": [0, 30.1, 12.95],
					"cubes": [
						{"origin": [-4, 26.9, 27.15], "size": [8, 10.3, 10], "pivot": [0, 36.2, 27.05], "rotation": [-27.5, 0, 0], "uv": [90, 58]},
						{"origin": [-3.8, 18.3, 22.05], "size": [7.6, 6.8, 6.5], "pivot": [0, 30.1, 12.95], "rotation": [17.5, 0, 0], "uv": [138, 59]}
					]
				},
				{
					"name": "bone4",
					"parent": "bone3",
					"pivot": [0, 32.8, 32.15],
					"cubes": [
						{"origin": [-3.7, 24.9, 34.15], "size": [7.4, 8.7, 10], "pivot": [0, 34.2, 34.05], "rotation": [-20, 0, 0], "uv": [95, 78]},
						{"origin": [-3.6, 23.5, 32.25], "size": [7.2, 2.7, 10], "pivot": [0, 32.8, 32.15], "rotation": [-10, 0, 0], "uv": [26, 117]}
					]
				},
				{
					"name": "bone5",
					"parent": "bone4",
					"pivot": [0, 31.1, 41.55],
					"cubes": [
						{"origin": [-3, 23.9, 43.75], "size": [6, 6.5, 9.4], "pivot": [0, 33.2, 43.05], "rotation": [-25, 0, 0], "uv": [119, 13]},
						{"origin": [-2.9, 21.8, 41.95], "size": [5.8, 3.9, 8], "pivot": [0, 31.1, 41.55], "rotation": [-10, 0, 0], "uv": [139, 76]}
					]
				},
				{
					"name": "bone6",
					"parent": "bone5",
					"pivot": [0, 27.9, 45.85],
					"cubes": [
						{"origin": [-2.7, 23.3, 51.95], "size": [5.4, 4.3, 6.3], "pivot": [0, 30.4, 48.35], "rotation": [-22.5, 0, 0], "uv": [152, 87]},
						{"origin": [-2.6, 20.9, 49.15], "size": [5.2, 4.2, 6.6], "pivot": [0, 27.9, 45.85], "rotation": [-7.5, 0, 0], "uv": [124, 150]}
					]
				},
				{
					"name": "bone7",
					"parent": "bone6",
					"pivot": [0, 26.2, 51.75],
					"cubes": [
						{"origin": [-2, 21, 55.85], "size": [4, 3.6, 7.6], "pivot": [0, 27.2, 52.45], "rotation": [-9, 0, 0], "uv": [149, 19]},
						{"origin": [-1.9, 20, 55.15], "size": [3.8, 2.6, 7.6], "pivot": [0, 26.2, 51.75], "rotation": [-4, 0, 0], "uv": [93, 43]}
					]
				},
				{
					"name": "bone8",
					"parent": "bone7",
					"pivot": [0, 26.8, 59.45],
					"cubes": [
						{"origin": [-0.9, 19.2, 62.15], "size": [1.8, 2.4, 10.5], "pivot": [0, 25.4, 58.75], "rotation": [1, 0, 0], "uv": [142, 142]},
						{"origin": [-1, 20.6, 62.85], "size": [2, 2.4, 10.4], "pivot": [0, 26.8, 59.45], "rotation": [-4, 0, 0], "uv": [140, 43]}
					]
				},
				{
					"name": "bone9",
					"parent": "bone25",
					"pivot": [-7, 2.9, -15.8],
					"cubes": [
						{"origin": [-8, 25.3, -17.9], "size": [6, 11.4, 8.6], "pivot": [-7, 27.7, -17.9], "rotation": [17.5, 0, 0], "uv": [82, 118]}
					]
				},
				{
					"name": "bone10",
					"parent": "bone9",
					"pivot": [-7, 27.7, -17.9],
					"cubes": [
						{"origin": [-7.9, 15, -15.4], "size": [4.8, 11.4, 5.5], "pivot": [-7, 17.4, -15.4], "rotation": [12.5, 0, 0], "uv": [146, 101]},
						{"origin": [-7.8, 16.1, -14.7], "size": [4.6, 12, 5.7], "uv": [47, 141]}
					]
				},
				{
					"name": "bone11",
					"parent": "bone10",
					"pivot": [-7, 8.2, -15.7],
					"cubes": [
						{"origin": [-7.7, 5.2, -15.7], "size": [4.4, 12, 5.7], "pivot": [-7, 8.2, -15.7], "rotation": [-5, 0, 0], "uv": [0, 0]}
					]
				},
				{
					"name": "bone12",
					"parent": "bone11",
					"pivot": [-7, 8.2, -15.7],
					"cubes": [
						{"origin": [-7.8, -0.1, -16], "size": [4.6, 5.4, 5.8], "uv": [49, 158]}
					]
				},
				{
					"name": "bone13",
					"parent": "bone25",
					"pivot": [4, 2.9, -15.8],
					"cubes": [
						{"origin": [3, 25.3, -17.9], "size": [5, 11.4, 8.6], "pivot": [4, 27.7, -17.9], "rotation": [17.5, 0, 0], "uv": [108, 118]}
					]
				},
				{
					"name": "bone14",
					"parent": "bone13",
					"pivot": [4, 2.9, -15.8],
					"cubes": [
						{"origin": [3.2, 16.1, -14.7], "size": [4.6, 12, 5.7], "uv": [18, 145]},
						{"origin": [3.1, 15, -15.4], "size": [4.8, 11.4, 5.5], "pivot": [4, 17.4, -15.4], "rotation": [12.5, 0, 0], "uv": [65, 147]}
					]
				},
				{
					"name": "bone15",
					"parent": "bone14",
					"pivot": [4, 8.2, -15.7],
					"cubes": [
						{"origin": [3.3, 5.2, -15.7], "size": [4.4, 12, 5.7], "pivot": [4, 8.2, -15.7], "rotation": [-5, 0, 0], "uv": [0, 145]}
					]
				},
				{
					"name": "bone16",
					"parent": "bone15",
					"pivot": [4, 8.2, -15.7],
					"cubes": [
						{"origin": [3.2, -0.1, -16], "size": [4.6, 5.4, 5.8], "uv": [158, 55]}
					]
				},
				{
					"name": "bone17",
					"parent": "bone25",
					"pivot": [-6, 6.5, 12],
					"cubes": [
						{"origin": [-8, 15.6, 7.1], "size": [5, 15.1, 7.8], "pivot": [-6, 21.7, 7.1], "rotation": [7.5, 0, 0], "uv": [104, 0]},
						{"origin": [-7.9, 20.2, 9.3], "size": [4.8, 11.8, 9.1], "pivot": [-6, 23.6, 10.6], "rotation": [-30, 0, 0], "uv": [64, 104]}
					]
				},
				{
					"name": "bone18",
					"parent": "bone17",
					"pivot": [-6, 18.4, 10.5],
					"cubes": [
						{"origin": [-7.8, 10.3, 7.6], "size": [4.6, 5.4, 4.1], "pivot": [-6, 16.4, 7.5], "rotation": [30, 0, 0], "uv": [17, 108]},
						{"origin": [-7.7, 12.3, 10.6], "size": [4.4, 5.4, 4.1], "pivot": [-6, 18.4, 10.5], "rotation": [12.5, 0, 0], "uv": [81, 104]}
					]
				},
				{
					"name": "bone19",
					"parent": "bone18",
					"pivot": [-6, 18.4, 10.5],
					"cubes": [
						{"origin": [-7.6, 3.6, 10.4], "size": [4.2, 8.5, 5.4], "pivot": [-6, 12, 10.3], "rotation": [20, 0, 0], "uv": [83, 152]}
					]
				},
				{
					"name": "bone20",
					"parent": "bone19",
					"pivot": [-6, 18.4, 10.5],
					"cubes": [
						{"origin": [-7.7, -0.7, 13.1], "size": [4.4, 6.9, 5.2], "uv": [31, 157]}
					]
				},
				{
					"name": "bone21",
					"parent": "bone25",
					"pivot": [5, 6.5, 12],
					"cubes": [
						{"origin": [3, 15.6, 7.1], "size": [5, 15.1, 7.8], "pivot": [5, 21.7, 7.1], "rotation": [7.5, 0, 0], "uv": [116, 43]},
						{"origin": [3.1, 20.2, 9.3], "size": [4.8, 11.8, 9.1], "pivot": [5, 23.6, 10.6], "rotation": [-30, 0, 0], "uv": [0, 108]}
					]
				},
				{
					"name": "bone22",
					"parent": "bone21",
					"pivot": [5, 6.5, 12],
					"cubes": [
						{"origin": [3.2, 10.3, 7.6], "size": [4.6, 5.4, 4.1], "pivot": [5, 16.4, 7.5], "rotation": [30, 0, 0], "uv": [120, 160]},
						{"origin": [3.3, 12.3, 10.6], "size": [4.4, 5.4, 4.1], "pivot": [5, 18.4, 10.5], "rotation": [12.5, 0, 0], "uv": [159, 97]}
					]
				},
				{
					"name": "bone23",
					"parent": "bone22",
					"pivot": [5, 6.5, 12],
					"cubes": [
						{"origin": [3.4, 3.6, 10.4], "size": [4.2, 8.5, 5.4], "pivot": [5, 12, 10.3], "rotation": [20, 0, 0], "uv": [146, 154]}
					]
				},
				{
					"name": "bone24",
					"parent": "bone23",
					"pivot": [5, 12, 10.3],
					"cubes": [
						{"origin": [3.3, -0.7, 13.1], "size": [4.4, 6.9, 5.2], "uv": [157, 71]}
					]
				}
			]
		}
	]
}