{
	"format_version": "1.12.0",
	"minecraft:geometry": [
		{
			"description": {
				"identifier": "geometry.croc",
				"texture_width": 1024,
				"texture_height": 1024,
				"visible_bounds_width": 36,
				"visible_bounds_height": 6,
				"visible_bounds_offset": [0, 2, 0]
			},
			"bones": [
				{
					"name": "bone6",
					"pivot": [51.5, 38.6, -3.3]
				},
				{
					"name": "bone5",
					"parent": "bone6",
					"pivot": [144.46062, 76.15109, -189.07051],
					"rotation": [-19.8423, 2.55868, -172.94761]
				},
				{
					"name": "bone24",
					"parent": "bone5",
					"pivot": [172.79715, 187.99952, -86.16678],
					"cubes": [
						{"origin": [208.9049, 181.59544, -149.87388], "size": [23.35457, 13.20993, 13.28291], "pivot": [172.79715, 187.99952, -86.16678], "rotation": [20, -42.5, -20], "uv": [418, 27]}
					]
				},
				{
					"name": "bone25",
					"parent": "bone24",
					"pivot": [175.05962, 181.13911, -116.23579],
					"cubes": [
						{"origin": [182.61463, 191.15636, -58.261], "size": [23.35457, 10.94746, 12.4801], "pivot": [175.05962, 181.13911, -116.23579], "rotation": [-22.5, 67.5, -20], "uv": [79, 126]}
					]
				},
				{
					"name": "bone26",
					"parent": "bone25",
					"pivot": [177.10315, 180.84718, -134.91945],
					"cubes": [
						{"origin": [139.61436, 192.41641, -69.69616], "size": [11.67729, 8.75796, 10.29061], "pivot": [174.69471, 180.3363, -127.4022], "rotation": [-22.5, 110, -20], "uv": [358, 138]},
						{"origin": [79.29716, 177.4678, -102.6659], "size": [16.05627, 4.37898, 2.9923], "pivot": [162.79847, 180.3363, -127.4022], "rotation": [-5, 157.5, -15], "uv": [220, 59]},
						{"origin": [96.20045, 191.8005, -83.80354], "size": [13.86678, 4.37898, 2.9923], "pivot": [161.26583, 180.3363, -134.18962], "rotation": [-17.5, 132.5, -15], "uv": [0, 18]},
						{"origin": [140.77175, 197.58809, -70.57113], "size": [13.86678, 4.37898, 2.9923], "pivot": [171.84837, 180.84718, -137.6928], "rotation": [-17.5, 102.5, -15], "uv": [0, 12]},
						{"origin": [110.46004, 194.65894, -79.86123], "size": [13.86678, 4.37898, 2.9923], "pivot": [165.2799, 180.84718, -137.6928], "rotation": [-17.5, 122.5, -15], "uv": [0, 6]},
						{"origin": [165.24936, 198.07414, -66.25622], "size": [13.86678, 4.37898, 2.9923], "pivot": [177.10315, 180.84718, -134.91945], "rotation": [-17.5, 87.5, -15], "uv": [0, 0]}
					]
				},
				{
					"name": "bone4",
					"parent": "bone6",
					"pivot": [-50.63455, -106.71115, -160.77179]
				},
				{
					"name": "bone27",
					"parent": "bone4",
					"pivot": [-22.29801, 5.13728, -57.86806],
					"cubes": [
						{"origin": [-40.54377, 6.52395, -70.42114], "size": [23.35457, 13.20993, 13.28291], "pivot": [-22.29801, 5.13728, -57.86806], "rotation": [20, -42.5, -20], "uv": [135, 431]}
					]
				},
				{
					"name": "bone28",
					"parent": "bone27",
					"pivot": [-20.03554, -1.72313, -87.93707],
					"cubes": [
						{"origin": [-38.2813, 1.92602, -99.68734], "size": [23.35457, 10.94746, 12.4801], "pivot": [-20.03554, -1.72313, -87.93707], "rotation": [-22.5, 67.5, -20], "uv": [428, 114]}
					]
				},
				{
					"name": "bone29",
					"parent": "bone28",
					"pivot": [-17.99201, -2.01506, -106.62073],
					"cubes": [
						{"origin": [-29.88825, 1.12321, -110.85374], "size": [11.67729, 8.75796, 10.29061], "pivot": [-20.40045, -2.52594, -99.10348], "rotation": [-22.5, 110, -20], "uv": [452, 77]},
						{"origin": [-47.62313, 1.12321, -103.55544], "size": [16.05627, 4.37898, 2.9923], "pivot": [-32.29669, -2.52594, -99.10348], "rotation": [-5, 157.5, -15], "uv": [93, 298]},
						{"origin": [-49.15577, 1.12321, -110.34286], "size": [13.86678, 4.37898, 2.9923], "pivot": [-33.82933, -2.52594, -105.8909], "rotation": [-17.5, 132.5, -15], "uv": [0, 182]},
						{"origin": [-38.57323, 1.63409, -113.84605], "size": [13.86678, 4.37898, 2.9923], "pivot": [-23.24679, -2.01506, -109.39408], "rotation": [-17.5, 102.5, -15], "uv": [0, 170]},
						{"origin": [-45.1417, 1.63409, -113.84605], "size": [13.86678, 4.37898, 2.9923], "pivot": [-29.81526, -2.01506, -109.39408], "rotation": [-17.5, 122.5, -15], "uv": [0, 176]},
						{"origin": [-33.31845, 1.63409, -111.07269], "size": [13.86678, 4.37898, 2.9923], "pivot": [-17.99201, -2.01506, -106.62073], "rotation": [-17.5, 87.5, -15], "uv": [0, 24]}
					]
				},
				{
					"name": "bone3",
					"parent": "bone6",
					"pivot": [56.76121, -106.12157, 62.87243],
					"rotation": [-167.5, 0, -180]
				},
				{
					"name": "bone33",
					"parent": "bone3",
					"pivot": [89.40374, -1.42549, 117.02349],
					"cubes": [
						{"origin": [67.50883, 0.23853, 101.95979], "size": [28.02549, 15.85192, 15.9395], "pivot": [89.40374, -1.42549, 117.02349], "rotation": [20, -42.5, -20], "uv": [115, 0]}
					]
				},
				{
					"name": "bone34",
					"parent": "bone33",
					"pivot": [89.40374, -1.42549, 117.02349],
					"cubes": [
						{"origin": [69.348, -5.71689, 65.67262], "size": [28.02549, 13.13695, 14.97612], "pivot": [91.24291, -10.09587, 79.77295], "rotation": [-22.5, 82.5, -20], "uv": [358, 0]}
					]
				},
				{
					"name": "bone35",
					"parent": "bone34",
					"pivot": [77.40533, -12.73786, 61.55638],
					"cubes": [
						{"origin": [78.41841, -7.70711, 44.95349], "size": [14.01274, 10.50956, 12.34873], "pivot": [91.68081, -12.73786, 61.55638], "rotation": [-22.5, 110, -20], "uv": [168, 325]},
						{"origin": [67.77162, -6.95131, 41.59331], "size": [16.64013, 5.25478, 3.59077], "pivot": [88.26521, -12.1248, 49.20765], "rotation": [-17.5, 102.5, -15], "uv": [82, 236]},
						{"origin": [73.64999, -6.76798, 45.50281], "size": [16.64013, 5.25478, 3.59077], "pivot": [94.57094, -12.1248, 52.53567], "rotation": [-17.5, 87.5, -15], "uv": [44, 236]},
						{"origin": [60.67559, -7.13252, 41.01859], "size": [16.64013, 5.25478, 3.59077], "pivot": [80.38304, -12.1248, 49.20765], "rotation": [-17.5, 122.5, -15], "uv": [201, 14]},
						{"origin": [56.31812, -7.80272, 45.04118], "size": [16.64013, 5.25478, 3.59077], "pivot": [75.56616, -12.73786, 53.41147], "rotation": [-17.5, 132.5, -15], "uv": [142, 199]},
						{"origin": [59.38728, -7.16987, 53.27164], "size": [19.26752, 5.25478, 3.59077], "pivot": [77.40533, -12.73786, 61.55638], "rotation": [-5, 157.5, -15], "uv": [150, 100]}
					]
				},
				{
					"name": "bone2",
					"parent": "bone6",
					"pivot": [-52.30937, 92.64513, 141.24707],
					"rotation": [150, 0, 0]
				},
				{
					"name": "bone30",
					"parent": "bone2",
					"pivot": [-19.66684, 197.34122, 195.39813],
					"cubes": [
						{"origin": [-41.56175, 199.00523, 180.33443], "size": [28.02549, 15.85192, 15.9395], "pivot": [-19.66684, 197.34122, 195.39813], "rotation": [20, -42.5, -20], "uv": [216, 115]}
					]
				},
				{
					"name": "bone31",
					"parent": "bone30",
					"pivot": [-17.82767, 188.67084, 158.14759],
					"cubes": [
						{"origin": [-38.47455, 195.00986, 143.81276], "size": [28.02549, 13.13695, 14.97612], "pivot": [-17.82767, 188.67084, 158.14759], "rotation": [-22.5, 82.5, -20], "uv": [384, 300]}
					]
				},
				{
					"name": "bone32",
					"parent": "bone31",
					"pivot": [-31.66525, 186.02885, 139.93102],
					"cubes": [
						{"origin": [-29.62389, 195.75031, 124.18529], "size": [14.01274, 10.50956, 12.34873], "pivot": [-17.38977, 186.02885, 139.93102], "rotation": [-22.5, 110, -20], "uv": [0, 439]},
						{"origin": [-31.5879, 199.70348, 123.38112], "size": [16.64013, 5.25478, 3.59077], "pivot": [-14.49964, 186.64191, 130.91032], "rotation": [-17.5, 87.5, -15], "uv": [287, 115]},
						{"origin": [-38.07401, 199.79954, 120.35777], "size": [16.64013, 5.25478, 3.59077], "pivot": [-20.80538, 186.64191, 127.58229], "rotation": [-17.5, 102.5, -15], "uv": [65, 344]},
						{"origin": [-46.31282, 199.89973, 120.67553], "size": [16.64013, 5.25478, 3.59077], "pivot": [-28.68754, 186.64191, 127.58229], "rotation": [-17.5, 122.5, -15], "uv": [359, 300]},
						{"origin": [-51.34589, 199.32132, 124.98921], "size": [16.64013, 5.25478, 3.59077], "pivot": [-33.50442, 186.02885, 131.78611], "rotation": [-17.5, 132.5, -15], "uv": [375, 367]},
						{"origin": [-50.10477, 199.43456, 135.2088], "size": [19.26752, 5.25478, 3.59077], "pivot": [-31.66525, 186.02885, 139.93102], "rotation": [-5, 157.5, -15], "uv": [0, 236]}
					]
				},
				{
					"name": "bone",
					"parent": "bone6",
					"pivot": [26.8856, -75.03651, -96.78892],
					"rotation": [-180, 0, 180]
				},
				{
					"name": "bone14",
					"parent": "bone",
					"pivot": [59.52813, 41.26388, -99.12673]
				},
				{
					"name": "bone15",
					"parent": "bone14",
					"pivot": [59.52813, 41.26388, -99.12673],
					"cubes": [
						{"origin": [34.7139, 15.74072, -277.98431], "size": [37.73223, 34.66694, 34.44799], "pivot": [59.52813, 41.26388, -99.12673], "rotation": [2.5, 0, 0], "uv": [112, 32]},
						{"origin": [38.1441, -32.53171, -264.49302], "size": [4.306, 4.306, 12.69905], "pivot": [59.52813, 41.26388, -99.12673], "rotation": [-25, 0, -2.5], "uv": [506, 92]},
						{"origin": [46.90207, -32.53171, -264.49302], "size": [4.306, 4.306, 12.69905], "pivot": [59.52813, 41.26388, -99.12673], "rotation": [-25, 0, 0], "uv": [368, 506]},
						{"origin": [64.418, -32.53171, -264.49302], "size": [4.306, 4.306, 12.69905], "pivot": [59.52813, 41.26388, -99.12673], "rotation": [-25, 0, 5], "uv": [505, 289]},
						{"origin": [64.62791, -29.2973, -253.64357], "size": [4.306, 9.92569, 12.69905], "pivot": [59.52813, 41.26388, -99.12673], "rotation": [-25, 0, 5], "uv": [0, 66]},
						{"origin": [54.9302, -29.30561, -253.6397], "size": [4.306, 9.92569, 12.69905], "pivot": [59.52813, 41.26388, -99.12673], "rotation": [-25, 0, 0], "uv": [226, 226]},
						{"origin": [46.90207, -29.30561, -253.6397], "size": [4.306, 9.92569, 12.69905], "pivot": [59.52813, 41.26388, -99.12673], "rotation": [-25, 0, 0], "uv": [319, 78]},
						{"origin": [38.03905, -29.30353, -253.64067], "size": [4.306, 9.92569, 12.69905], "pivot": [59.52813, 41.26388, -99.12673], "rotation": [-25, 0, -2.5], "uv": [158, 377]},
						{"origin": [54.9302, -32.53171, -264.49302], "size": [4.306, 4.306, 12.69905], "pivot": [59.52813, 41.26388, -99.12673], "rotation": [-25, 0, 0], "uv": [336, 506]},
						{"origin": [33.98407, 54.32307, -277.70108], "size": [39.19189, 21.60298, 30.79884], "pivot": [59.52813, 41.26388, -99.12673], "rotation": [10, 0, 0], "uv": [0, 247]}
					]
				},
				{
					"name": "bone16",
					"parent": "bone15",
					"pivot": [59.52813, 41.26388, -99.12673],
					"cubes": [
						{"origin": [35.44373, 21.84562, -308.42694], "size": [36.27257, 21.53, 39.55681], "uv": [0, 66]},
						{"origin": [36.17356, 8.63569, -308.42694], "size": [34.81291, 17.224, 39.55681], "uv": [142, 170]},
						{"origin": [64.418, -40.41511, -279.4994], "size": [4.306, 4.306, 12.69905], "pivot": [59.52813, 41.26388, -99.12673], "rotation": [-25, 0, 5], "uv": [503, 241]},
						{"origin": [54.9302, -40.41511, -279.4994], "size": [4.306, 4.306, 12.69905], "pivot": [59.52813, 41.26388, -99.12673], "rotation": [-25, 0, 0], "uv": [503, 257]},
						{"origin": [46.90207, -40.41511, -279.4994], "size": [4.306, 4.306, 12.69905], "pivot": [59.52813, 41.26388, -99.12673], "rotation": [-25, 0, 0], "uv": [503, 333]},
						{"origin": [38.1441, -40.41511, -279.4994], "size": [4.306, 4.306, 12.69905], "pivot": [59.52813, 41.26388, -99.12673], "rotation": [-25, 0, -2.5], "uv": [505, 273]}
					]
				},
				{
					"name": "bone17",
					"parent": "bone16",
					"pivot": [59.52813, 41.26388, -99.12673],
					"cubes": [
						{"origin": [37.63322, -7.59341, -339.79309], "size": [31.89359, 15.98329, 41.01647], "pivot": [59.52813, 41.26388, -99.12673], "rotation": [-5, 0, 0], "uv": [216, 59]},
						{"origin": [60.25796, -55.07313, -316.63248], "size": [4.306, 4.306, 12.69905], "pivot": [59.52813, 41.26388, -99.12673], "rotation": [-25, 0, 5], "uv": [212, 502]},
						{"origin": [50.77017, -56.42313, -313.82871], "size": [4.306, 4.306, 12.69905], "pivot": [59.52813, 41.26388, -99.12673], "rotation": [-25, 0, 0], "uv": [348, 252]},
						{"origin": [42.74204, -55.07313, -316.63248], "size": [4.306, 4.306, 12.69905], "pivot": [59.52813, 41.26388, -99.12673], "rotation": [-25, 0, -2.5], "uv": [244, 502]},
						{"origin": [42.74204, -51.51787, -306.93589], "size": [4.306, 4.306, 12.69905], "pivot": [59.52813, 41.26388, -99.12673], "rotation": [-25, 0, -2.5], "uv": [0, 503]},
						{"origin": [50.77017, -52.35172, -305.09756], "size": [4.306, 4.306, 12.69905], "pivot": [59.52813, 41.26388, -99.12673], "rotation": [-25, 0, 0], "uv": [497, 225]},
						{"origin": [60.25796, -51.51787, -306.93589], "size": [4.306, 4.306, 12.69905], "pivot": [59.52813, 41.26388, -99.12673], "rotation": [-25, 0, 5], "uv": [502, 0]},
						{"origin": [36.90339, 5.61652, -339.79309], "size": [33.35325, 20.28929, 41.01647], "pivot": [59.52813, 41.26388, -99.12673], "rotation": [-5, 0, 0], "uv": [109, 109]},
						{"origin": [60.25796, -47.10825, -293.85289], "size": [4.306, 4.306, 12.69905], "pivot": [59.52813, 41.26388, -99.12673], "rotation": [-25, 0, 5], "uv": [32, 503]},
						{"origin": [50.77017, -47.10825, -293.85289], "size": [4.306, 4.306, 12.69905], "pivot": [59.52813, 41.26388, -99.12673], "rotation": [-25, 0, 0], "uv": [400, 503]},
						{"origin": [42.74204, -47.10825, -293.85289], "size": [4.306, 4.306, 12.69905], "pivot": [59.52813, 41.26388, -99.12673], "rotation": [-25, 0, -2.5], "uv": [432, 503]}
					]
				},
				{
					"name": "bone18",
					"parent": "bone17",
					"pivot": [59.52813, 41.26388, -99.12673],
					"cubes": [
						{"origin": [38.36305, 16.78404, -364.84094], "size": [30.43393, 19.04857, 25.69003], "pivot": [59.52813, 41.26388, -99.12673], "rotation": [-2.5, 0, 0], "uv": [333, 34]},
						{"origin": [39.09288, 3.57411, -364.84094], "size": [28.97427, 14.74257, 25.69003], "pivot": [59.52813, 41.26388, -99.12673], "rotation": [-2.5, 0, 0], "uv": [294, 363]},
						{"origin": [60.25796, -62.01302, -331.51512], "size": [4.306, 4.306, 12.69905], "pivot": [59.52813, 41.26388, -99.12673], "rotation": [-25, 0, 5], "uv": [501, 144]},
						{"origin": [60.25796, -66.23864, -340.577], "size": [4.306, 4.306, 12.69905], "pivot": [59.52813, 41.26388, -99.12673], "rotation": [-25, 0, 5], "uv": [316, 501]},
						{"origin": [42.74204, -66.23864, -340.577], "size": [4.306, 4.306, 12.69905], "pivot": [59.52813, 41.26388, -99.12673], "rotation": [-25, 0, -2.5], "uv": [467, 501]},
						{"origin": [42.74204, -62.01302, -331.51512], "size": [4.306, 4.306, 12.69905], "pivot": [59.52813, 41.26388, -99.12673], "rotation": [-25, 0, -2.5], "uv": [501, 165]}
					]
				},
				{
					"name": "bone19",
					"parent": "bone18",
					"pivot": [59.52813, 41.26388, -99.12673],
					"cubes": [
						{"origin": [40.55254, 26.57832, -389.91619], "size": [26.05495, 14.74257, 25.836], "pivot": [59.52813, 41.26388, -99.12673], "rotation": [2.5, 0, 0], "uv": [374, 225]},
						{"origin": [60.25796, -76.38256, -360.0857], "size": [4.306, 4.306, 12.69905], "pivot": [59.52813, 41.26388, -99.12673], "rotation": [-25, 0, 5], "uv": [500, 500]},
						{"origin": [60.25796, -70.80355, -350.36648], "size": [4.306, 4.306, 12.69905], "pivot": [59.52813, 41.26388, -99.12673], "rotation": [-25, 0, 5], "uv": [500, 470]},
						{"origin": [39.82271, 39.78825, -389.91619], "size": [27.51461, 19.04857, 25.836], "pivot": [59.52813, 41.26388, -99.12673], "rotation": [2.5, 0, 0], "uv": [0, 126]},
						{"origin": [42.74204, -76.38256, -360.0857], "size": [4.306, 4.306, 12.69905], "pivot": [59.52813, 41.26388, -99.12673], "rotation": [-25, 0, -2.5], "uv": [500, 30]},
						{"origin": [42.74204, -70.80355, -350.36648], "size": [4.306, 4.306, 12.69905], "pivot": [59.52813, 41.26388, -99.12673], "rotation": [-25, 0, -2.5], "uv": [284, 501]}
					]
				},
				{
					"name": "bone20",
					"parent": "bone19",
					"pivot": [59.52813, 41.26388, -99.12673],
					"cubes": [
						{"origin": [42.0122, 64.14251, -416.7684], "size": [23.13562, 19.55945, 31.52867], "pivot": [59.52813, 41.26388, -99.12673], "rotation": [7.5, 0, 0], "uv": [307, 313]},
						{"origin": [42.74204, 26.67175, -417.52403], "size": [21.67596, 14.74257, 27.87952], "pivot": [59.52813, 41.26388, -99.12673], "rotation": [2.5, 0, 0], "uv": [373, 375]},
						{"origin": [60.25796, -90.86318, -385.78602], "size": [4.306, 4.306, 12.69905], "pivot": [59.52813, 41.26388, -99.12673], "rotation": [-25, 0, 5], "uv": [148, 499]},
						{"origin": [60.25796, -83.4904, -373.60159], "size": [4.306, 4.306, 12.69905], "pivot": [59.52813, 41.26388, -99.12673], "rotation": [-25, 0, 5], "uv": [499, 375]},
						{"origin": [42.74204, -83.4904, -373.60159], "size": [4.306, 4.306, 12.69905], "pivot": [59.52813, 41.26388, -99.12673], "rotation": [-25, 0, -2.5], "uv": [499, 395]},
						{"origin": [42.74204, -90.86318, -385.78602], "size": [4.306, 4.306, 12.69905], "pivot": [59.52813, 41.26388, -99.12673], "rotation": [-25, 0, -2.5], "uv": [180, 499]}
					]
				},
				{
					"name": "bone21",
					"parent": "bone20",
					"pivot": [59.52813, 41.26388, -99.12673],
					"cubes": [
						{"origin": [42.74204, 91.27368, -427.7213], "size": [21.67596, 19.55945, 16.20223], "pivot": [59.52813, 41.26388, -99.12673], "rotation": [12.5, 0, 0], "uv": [180, 396]},
						{"origin": [43.47187, 27.30844, -431.37692], "size": [20.2163, 14.74257, 22.77071], "pivot": [59.52813, 41.26388, -99.12673], "rotation": [2.5, 0, 0], "uv": [96, 377]},
						{"origin": [58.21444, -102.68111, -400.47094], "size": [4.306, 6.86041, 12.69905], "pivot": [59.52813, 41.26388, -99.12673], "rotation": [-25, 0, 5], "uv": [495, 207]},
						{"origin": [44.34766, -102.68111, -400.47094], "size": [4.306, 6.86041, 12.69905], "pivot": [59.52813, 41.26388, -99.12673], "rotation": [-25, 0, -2.5], "uv": [485, 280]}
					]
				},
				{
					"name": "bone22",
					"parent": "bone21",
					"pivot": [59.52813, 41.26388, -99.12673],
					"cubes": [
						{"origin": [44.2017, 120.44789, -437.56774], "size": [20.2163, 18.28225, 18.39173], "pivot": [59.52813, 41.26388, -99.12673], "rotation": [17.5, 0, 0], "uv": [383, 138]},
						{"origin": [44.93153, 56.33881, -445.65739], "size": [18.75664, 14.74257, 14.74257], "pivot": [59.52813, 41.26388, -99.12673], "rotation": [7.5, 0, 0], "uv": [433, 264]},
						{"origin": [58.7983, -114.5202, -412.908], "size": [4.306, 6.86041, 12.69905], "pivot": [59.52813, 41.26388, -99.12673], "rotation": [-25, 0, 5], "uv": [148, 413]},
						{"origin": [44.93153, -114.5202, -412.908], "size": [4.306, 6.86041, 12.69905], "pivot": [59.52813, 41.26388, -99.12673], "rotation": [-25, 0, -2.5], "uv": [302, 126]}
					]
				},
				{
					"name": "bone23",
					"parent": "bone22",
					"pivot": [59.52813, 41.26388, -99.12673],
					"cubes": [
						{"origin": [44.93153, 148.91823, -440.98173], "size": [18.75664, 18.28225, 18.39173], "pivot": [59.52813, 41.26388, -99.12673], "rotation": [22.5, 0, 0], "uv": [398, 78]},
						{"origin": [46.7561, 291.70052, -371.31862], "size": [14.74257, 7.18883, 15.39942], "pivot": [59.52813, 41.26388, -99.12673], "rotation": [47.5, 0, 0], "uv": [382, 442]},
						{"origin": [57.48461, -124.95865, -420.44176], "size": [4.306, 6.86041, 12.69905], "pivot": [59.52813, 41.26388, -99.12673], "rotation": [-25, 0, 5], "uv": [108, 236]},
						{"origin": [45.95329, -124.95865, -420.44176], "size": [4.306, 6.86041, 12.69905], "pivot": [59.52813, 41.26388, -99.12673], "rotation": [-25, 0, -2.5], "uv": [0, 87]},
						{"origin": [46.82909, 9.91301, -467.8022], "size": [14.59661, 9.74324, 12.11518], "uv": [442, 0]},
						{"origin": [45.66136, 56.76039, -456.12852], "size": [17.29698, 14.74257, 14.74257], "pivot": [59.52813, 41.26388, -99.12673], "rotation": [7.5, 0, 0], "uv": [54, 438]}
					]
				},
				{
					"name": "bone13",
					"parent": "bone",
					"pivot": [59.52813, 41.26388, -99.12673],
					"cubes": [
						{"origin": [32.52441, 47.90512, -248.44808], "size": [42.11121, 21.60298, 30.79884], "pivot": [59.52813, 41.26388, -99.12673], "rotation": [7.5, 0, 0], "uv": [112, 226]},
						{"origin": [32.52441, -7.21671, -219.42024], "size": [42.33016, 35.65222, 31.23674], "pivot": [59.52813, 25.93744, -97.44812], "rotation": [-5, 0, 0], "uv": [0, 0]},
						{"origin": [33.25424, -17.69781, -246.91927], "size": [40.14067, 35.65222, 31.23674], "pivot": [59.52813, 25.93744, -97.44812], "rotation": [-10, 0, 0], "uv": [0, 170]},
						{"origin": [31.06475, 1.40089, -191.81031], "size": [45.24948, 35.65222, 24.66827], "uv": [220, 0]},
						{"origin": [32.37844, 11.07115, -169.55049], "size": [42.47613, 35.65222, 25.76301], "pivot": [59.52813, 25.93744, -97.44812], "rotation": [7.5, 0, 0], "uv": [249, 145]},
						{"origin": [44.83191, 13.74244, -146.46845], "size": [21.53, 24.70476, 28.17145], "pivot": [59.52813, 25.93744, -97.44812], "rotation": [10, -10, 0], "uv": [196, 344]},
						{"origin": [60.76885, 30.09206, -118.8323], "size": [4.306, 9.92569, 12.69905], "pivot": [59.52813, 41.26388, -99.12673], "rotation": [-20, 0, 5], "uv": [486, 186]},
						{"origin": [51.28105, 30.09206, -118.8323], "size": [4.306, 9.92569, 12.69905], "pivot": [59.52813, 41.26388, -99.12673], "rotation": [-20, 0, 0], "uv": [486, 312]},
						{"origin": [43.25292, 30.09206, -118.8323], "size": [4.306, 9.92569, 12.69905], "pivot": [59.52813, 41.26388, -99.12673], "rotation": [-20, 0, -2.5], "uv": [64, 487]},
						{"origin": [68.724, 23.1865, -150.18167], "size": [4.306, 9.92569, 12.69905], "pivot": [59.52813, 41.26388, -99.12673], "rotation": [-20, 0, 5], "uv": [348, 485]},
						{"origin": [49.55939, 16.07693, -146.66486], "size": [17.29698, 23.06264, 31.89359], "pivot": [59.52813, 41.26388, -99.12673], "rotation": [-10, -10, 0], "uv": [0, 346]},
						{"origin": [66.31556, 25.16125, -135.36703], "size": [4.306, 9.92569, 12.69905], "pivot": [59.52813, 41.26388, -99.12673], "rotation": [-20, 0, 5], "uv": [116, 496]},
						{"origin": [60.69586, 23.1865, -150.18167], "size": [4.306, 9.92569, 12.69905], "pivot": [59.52813, 41.26388, -99.12673], "rotation": [-20, 0, 0], "uv": [484, 449]},
						{"origin": [51.20807, 23.1865, -150.18167], "size": [4.306, 9.92569, 12.69905], "pivot": [59.52813, 41.26388, -99.12673], "rotation": [-20, 0, 0], "uv": [483, 340]},
						{"origin": [43.17993, 23.1865, -150.18167], "size": [4.306, 9.92569, 12.69905], "pivot": [59.52813, 41.26388, -99.12673], "rotation": [-20, 0, 0], "uv": [483, 247]},
						{"origin": [40.77149, 25.16125, -135.36703], "size": [4.306, 9.92569, 12.69905], "pivot": [59.52813, 41.26388, -99.12673], "rotation": [-20, 0, -2.5], "uv": [491, 62]},
						{"origin": [48.79963, 25.16125, -135.36703], "size": [4.306, 9.92569, 12.69905], "pivot": [59.52813, 41.26388, -99.12673], "rotation": [-20, 0, 0], "uv": [264, 490]},
						{"origin": [39.09288, 21.12632, -144.88534], "size": [29.7041, 17.95383, 29.77708], "pivot": [59.52813, 41.26388, -99.12673], "rotation": [-10, 0, 0], "uv": [222, 298]},
						{"origin": [34.42197, 23.1865, -150.18167], "size": [4.306, 9.92569, 12.69905], "pivot": [59.52813, 41.26388, -99.12673], "rotation": [-20, 0, -2.5], "uv": [482, 83]},
						{"origin": [38.36305, 40.27698, -140.22251], "size": [29.85006, 2.62739, 29.48515], "pivot": [59.52813, 41.26388, -99.12673], "rotation": [-5, 0, 0], "uv": [346, 269]},
						{"origin": [58.28742, 25.16125, -135.36703], "size": [4.306, 9.92569, 12.69905], "pivot": [59.52813, 41.26388, -99.12673], "rotation": [-20, 0, 0], "uv": [84, 496]},
						{"origin": [40.26278, 15.5544, -148.67952], "size": [19.19454, 23.06264, 30.94481], "pivot": [59.52813, 41.26388, -99.12673], "rotation": [-10, 10, 0], "uv": [330, 85]},
						{"origin": [68.724, 16.16499, -163.55347], "size": [4.306, 9.92569, 12.69905], "pivot": [59.52813, 41.26388, -99.12673], "rotation": [-25, 0, 5], "uv": [447, 482]},
						{"origin": [31.06475, 12.8533, -166.05379], "size": [44.30071, 22.33281, 23.71949], "pivot": [59.52813, 41.26388, -99.12673], "rotation": [-15, 0, 0], "uv": [265, 205]},
						{"origin": [60.69586, 16.16499, -163.55347], "size": [4.306, 9.92569, 12.69905], "pivot": [59.52813, 41.26388, -99.12673], "rotation": [-25, 0, 0], "uv": [415, 482]},
						{"origin": [51.20807, 16.16499, -163.55347], "size": [4.306, 9.92569, 12.69905], "pivot": [59.52813, 41.26388, -99.12673], "rotation": [-25, 0, 0], "uv": [32, 482]},
						{"origin": [43.17993, 16.16499, -163.55347], "size": [4.306, 9.92569, 12.69905], "pivot": [59.52813, 41.26388, -99.12673], "rotation": [-25, 0, 0], "uv": [0, 482]},
						{"origin": [34.42197, 16.16499, -163.55347], "size": [4.306, 9.92569, 12.69905], "pivot": [59.52813, 41.26388, -99.12673], "rotation": [-25, 0, -2.5], "uv": [482, 9]},
						{"origin": [51.20807, 11.38114, -178.47516], "size": [4.306, 9.92569, 12.69905], "pivot": [59.52813, 41.26388, -99.12673], "rotation": [-25, 0, 0], "uv": [480, 41]},
						{"origin": [60.69586, 11.38114, -178.47516], "size": [4.306, 9.92569, 12.69905], "pivot": [59.52813, 41.26388, -99.12673], "rotation": [-25, 0, 0], "uv": [212, 481]},
						{"origin": [68.724, 11.38114, -178.47516], "size": [4.306, 9.92569, 12.69905], "pivot": [59.52813, 41.26388, -99.12673], "rotation": [-25, 0, 5], "uv": [244, 481]},
						{"origin": [68.724, 7.04106, -188.12789], "size": [4.306, 9.92569, 12.69905], "pivot": [59.52813, 41.26388, -99.12673], "rotation": [-25, 0, 5], "uv": [284, 480]},
						{"origin": [60.69586, 7.04106, -188.12789], "size": [4.306, 9.92569, 12.69905], "pivot": [59.52813, 41.26388, -99.12673], "rotation": [-25, 0, 0], "uv": [479, 413]},
						{"origin": [51.20807, 7.04106, -188.12789], "size": [4.306, 9.92569, 12.69905], "pivot": [59.52813, 41.26388, -99.12673], "rotation": [-25, 0, 0], "uv": [479, 386]},
						{"origin": [43.17993, 7.04106, -188.12789], "size": [4.306, 9.92569, 12.69905], "pivot": [59.52813, 41.26388, -99.12673], "rotation": [-25, 0, 0], "uv": [180, 478]},
						{"origin": [43.17993, 11.38114, -178.47516], "size": [4.306, 9.92569, 12.69905], "pivot": [59.52813, 41.26388, -99.12673], "rotation": [-25, 0, 0], "uv": [480, 480]},
						{"origin": [34.42197, 11.38114, -178.47516], "size": [4.306, 9.92569, 12.69905], "pivot": [59.52813, 41.26388, -99.12673], "rotation": [-25, 0, -2.5], "uv": [481, 156]},
						{"origin": [30.33492, 25.31439, -193.88003], "size": [46.4902, 21.60298, 27.87952], "pivot": [59.52813, 41.26388, -99.12673], "rotation": [-5, 0, 0], "uv": [229, 250]},
						{"origin": [34.42197, 7.04106, -188.12789], "size": [4.306, 9.92569, 12.69905], "pivot": [59.52813, 41.26388, -99.12673], "rotation": [-25, 0, -2.5], "uv": [316, 480]},
						{"origin": [68.724, -18.60953, -237.60959], "size": [4.306, 9.92569, 12.69905], "pivot": [59.52813, 41.26388, -99.12673], "rotation": [-25, 0, 5], "uv": [299, 459]},
						{"origin": [60.69586, -18.60953, -237.60959], "size": [4.306, 9.92569, 12.69905], "pivot": [59.52813, 41.26388, -99.12673], "rotation": [-25, 0, 0], "uv": [168, 457]},
						{"origin": [51.20807, -18.60953, -237.60959], "size": [4.306, 9.92569, 12.69905], "pivot": [59.52813, 41.26388, -99.12673], "rotation": [-25, 0, 0], "uv": [136, 457]},
						{"origin": [43.17993, -18.60953, -237.60959], "size": [4.306, 9.92569, 12.69905], "pivot": [59.52813, 41.26388, -99.12673], "rotation": [-25, 0, 0], "uv": [104, 454]},
						{"origin": [34.42197, -18.60953, -237.60959], "size": [4.306, 9.92569, 12.69905], "pivot": [59.52813, 41.26388, -99.12673], "rotation": [-25, 0, -2.5], "uv": [331, 459]},
						{"origin": [34.42197, -10.35975, -224.0625], "size": [4.306, 9.92569, 12.69905], "pivot": [59.52813, 41.26388, -99.12673], "rotation": [-25, 0, -2.5], "uv": [32, 461]},
						{"origin": [43.17993, -10.35975, -224.0625], "size": [4.306, 9.92569, 12.69905], "pivot": [59.52813, 41.26388, -99.12673], "rotation": [-25, 0, 0], "uv": [459, 404]},
						{"origin": [51.20807, -10.35975, -224.0625], "size": [4.306, 9.92569, 12.69905], "pivot": [59.52813, 41.26388, -99.12673], "rotation": [-25, 0, 0], "uv": [200, 460]},
						{"origin": [60.69586, -10.35975, -224.0625], "size": [4.306, 9.92569, 12.69905], "pivot": [59.52813, 41.26388, -99.12673], "rotation": [-25, 0, 0], "uv": [232, 460]},
						{"origin": [68.724, -10.35975, -224.0625], "size": [4.306, 9.92569, 12.69905], "pivot": [59.52813, 41.26388, -99.12673], "rotation": [-25, 0, 5], "uv": [0, 461]},
						{"origin": [68.724, -1.96502, -208.65034], "size": [4.306, 9.92569, 12.69905], "pivot": [59.52813, 41.26388, -99.12673], "rotation": [-25, 0, 5], "uv": [363, 464]},
						{"origin": [68.724, 2.66157, -198.72858], "size": [4.306, 9.92569, 12.69905], "pivot": [59.52813, 41.26388, -99.12673], "rotation": [-25, 0, 5], "uv": [116, 475]},
						{"origin": [60.69586, -1.96502, -208.65034], "size": [4.306, 9.92569, 12.69905], "pivot": [59.52813, 41.26388, -99.12673], "rotation": [-25, 0, 0], "uv": [460, 461]},
						{"origin": [60.69586, 2.66157, -198.72858], "size": [4.306, 9.92569, 12.69905], "pivot": [59.52813, 41.26388, -99.12673], "rotation": [-25, 0, 0], "uv": [84, 475]},
						{"origin": [51.20807, -1.96502, -208.65034], "size": [4.306, 9.92569, 12.69905], "pivot": [59.52813, 41.26388, -99.12673], "rotation": [-25, 0, 0], "uv": [428, 461]},
						{"origin": [43.17993, -1.96502, -208.65034], "size": [4.306, 9.92569, 12.69905], "pivot": [59.52813, 41.26388, -99.12673], "rotation": [-25, 0, 0], "uv": [264, 461]},
						{"origin": [43.17993, 2.66157, -198.72858], "size": [4.306, 9.92569, 12.69905], "pivot": [59.52813, 41.26388, -99.12673], "rotation": [-25, 0, 0], "uv": [64, 466]},
						{"origin": [51.20807, 2.66157, -198.72858], "size": [4.306, 9.92569, 12.69905], "pivot": [59.52813, 41.26388, -99.12673], "rotation": [-25, 0, 0], "uv": [466, 198]},
						{"origin": [31.79458, 37.70823, -220.07615], "size": [43.57087, 21.60298, 27.87952], "pivot": [59.52813, 41.26388, -99.12673], "rotation": [2.5, 0, 0], "uv": [111, 277]},
						{"origin": [34.42197, 2.66157, -198.72858], "size": [4.306, 9.92569, 12.69905], "pivot": [59.52813, 41.26388, -99.12673], "rotation": [-25, 0, -2.5], "uv": [148, 478]},
						{"origin": [34.42197, -1.96502, -208.65034], "size": [4.306, 9.92569, 12.69905], "pivot": [59.52813, 41.26388, -99.12673], "rotation": [-25, 0, -2.5], "uv": [395, 464]},
						{"origin": [41.05049, 14.05934, -148.26569], "size": [23.71949, 24.70476, 28.17145], "pivot": [59.52813, 25.93744, -97.44812], "rotation": [10, 10, 0], "uv": [94, 325]}
					]
				},
				{
					"name": "bone9",
					"parent": "bone13",
					"pivot": [59.52813, 41.26388, -99.12673],
					"cubes": [
						{"origin": [42.74204, 11.85172, -90.87965], "size": [21.16508, 12.0422, 7.15234], "pivot": [59.52813, 29.07571, -78.91043], "rotation": [5, 0, 0], "uv": [440, 442]},
						{"origin": [45.29204, 12.17428, -98.9456], "size": [13.13695, 13.57485, 11.53132], "pivot": [59.52813, 29.07571, -78.91043], "rotation": [5, -30, 0], "uv": [444, 174]},
						{"origin": [48.59452, 12.68913, -104.83037], "size": [13.50186, 13.57485, 11.53132], "pivot": [59.52813, 29.07571, -78.91043], "rotation": [5, 30, 0], "uv": [443, 53]},
						{"origin": [37.63322, 11.63277, -106.1331], "size": [31.67464, 16.85908, 8.90393], "pivot": [59.52813, 28.85676, -93.43405], "rotation": [17.5, 0, 0], "uv": [322, 416]},
						{"origin": [37.63322, 8.71345, -111.02297], "size": [31.56516, 16.85908, 9.92569], "pivot": [59.52813, 25.93744, -97.44812], "rotation": [2.5, 0, 0], "uv": [68, 413]},
						{"origin": [38.36305, 6.92386, -118.90924], "size": [31.01779, 16.67662, 9.92569], "pivot": [59.52813, 25.93744, -97.44812], "rotation": [-5, 0, 0], "uv": [415, 327]},
						{"origin": [36.90339, 24.03988, -118.90514], "size": [32.62342, 17.95383, 29.77708], "uv": [0, 298]},
						{"origin": [38.36305, 39.36632, -111.09595], "size": [29.85006, 2.62739, 13.42888], "pivot": [59.52813, 41.26388, -99.12673], "rotation": [-10, 0, 0], "uv": [402, 352]},
						{"origin": [56.17091, 34.02541, -101.62386], "size": [4.306, 9.92569, 12.69905], "pivot": [59.52813, 41.26388, -99.12673], "rotation": [-20, 0, 5], "uv": [380, 485]},
						{"origin": [48.14278, 34.02541, -101.62386], "size": [4.306, 9.92569, 12.69905], "pivot": [59.52813, 41.26388, -99.12673], "rotation": [-20, 0, -2.5], "uv": [486, 104]}
					]
				},
				{
					"name": "bone12",
					"parent": "bone9",
					"pivot": [65.32813, 31.84907, -60.73765]
				},
				{
					"name": "bone7",
					"parent": "bone12",
					"pivot": [59.52813, 31.19222, -61.8324],
					"cubes": [
						{"origin": [52.44602, 25.50035, -81.16368], "size": [10.36359, 9.56078, 11.67729], "pivot": [59.52813, 34.62242, -60.29975], "rotation": [-12.5, -7.5, 0], "uv": [269, 441]},
						{"origin": [55.87898, 25.64551, -69.49562], "size": [7.22532, 9.56078, 17.51593], "pivot": [59.52813, 34.62242, -60.29975], "rotation": [-12.5, -5, 0], "uv": [266, 346]},
						{"origin": [42.0122, 25.64551, -69.49562], "size": [21.16508, 9.70674, 17.95383], "pivot": [59.52813, 34.62242, -60.29975], "rotation": [-12.5, 0, 0], "uv": [400, 416]},
						{"origin": [42.37712, 24.25883, -53.43935], "size": [20.43525, 9.70674, 8.90393], "uv": [442, 367]},
						{"origin": [42.888, 25.13463, -45.55718], "size": [19.41349, 9.70674, 5.32776], "pivot": [59.52813, 33.23575, -45.55718], "rotation": [-50, 0, 0], "uv": [442, 384]},
						{"origin": [42.74204, 21.55846, -43.14874], "size": [19.70542, 9.77973, 5.98461], "pivot": [59.52813, 29.65958, -42.63786], "rotation": [-90, 0, 0], "uv": [300, 402]},
						{"origin": [54.01116, 17.66943, -92.84319], "size": [12.918, 17.88084, 22.33281], "pivot": [59.52813, 35.06032, -77.66972], "rotation": [-25, -12.5, 0], "uv": [254, 402]},
						{"origin": [39.82271, 25.52528, -91.45691], "size": [25.69003, 9.70674, 10.94746], "pivot": [59.52813, 34.62242, -60.29975], "rotation": [-12.5, 0, 0], "uv": [312, 440]},
						{"origin": [62.61518, 18.8763, -69.36375], "size": [1, 3.94108, 1.45966], "pivot": [59.52813, 31.19222, -61.8324], "rotation": [-17.5, 0, 0], "uv": [30, 88]},
						{"origin": [62.61518, 21.71485, -72.71327], "size": [1, 3.94108, 1.45966], "uv": [20, 91]},
						{"origin": [62.32325, 20.03946, -65.67468], "size": [1, 3.94108, 1.45966], "pivot": [59.52813, 31.19222, -61.8324], "rotation": [-17.5, 0, 0], "uv": [24, 91]},
						{"origin": [62.32325, 21.71485, -68.84517], "size": [1, 3.94108, 1.45966], "uv": [33, 91]},
						{"origin": [42.08519, 22.58022, -70.4444], "size": [21.38403, 9.70674, 4.59793], "pivot": [59.52813, 31.55714, -74.60443], "rotation": [10, 0, 0], "uv": [309, 300]},
						{"origin": [42.08519, 24.33182, -64.97067], "size": [21.01912, 9.70674, 4.59793], "pivot": [59.52813, 33.30873, -69.1307], "rotation": [-2.5, 0, 0], "uv": [46, 400]},
						{"origin": [61.88535, 21.9338, -64.90409], "size": [1, 3.94108, 1.45966], "uv": [4, 95]},
						{"origin": [61.88535, 21.43338, -61.98184], "size": [1, 3.94108, 1.45966], "pivot": [59.52813, 31.19222, -61.8324], "rotation": [-17.5, 0, 0], "uv": [0, 95]},
						{"origin": [61.88535, 20.54712, -61.54687], "size": [1, 3.94108, 1.45966], "uv": [32, 99]},
						{"origin": [61.88535, 21.12042, -58.36302], "size": [1, 3.94108, 1.45966], "pivot": [59.52813, 31.19222, -61.8324], "rotation": [-17.5, 0, 0], "uv": [8, 95]},
						{"origin": [42.08519, 23.38304, -74.3125], "size": [21.67596, 9.70674, 5.40074], "uv": [186, 0]},
						{"origin": [42.30414, 22.21531, -57.67236], "size": [20.6542, 9.70674, 3.64915], "uv": [454, 300]},
						{"origin": [42.23115, 25.13463, -57.0885], "size": [20.80017, 9.70674, 4.59793], "pivot": [59.52813, 34.11154, -61.24853], "rotation": [-27.5, 0, 0], "uv": [451, 222]},
						{"origin": [61.88535, 20.68266, -54.16918], "size": [1, 3.94108, 1.45966], "pivot": [59.52813, 31.19222, -61.8324], "rotation": [-17.5, 0, 0], "uv": [115, 0]},
						{"origin": [61.88535, 18.86851, -57.67877], "size": [1, 3.94108, 1.45966], "uv": [111, 100]},
						{"origin": [61.66641, 23.91203, -51.2081], "size": [1, 3.94108, 1.45966], "pivot": [59.52813, 31.19222, -61.8324], "rotation": [-17.5, 0, 0], "uv": [35, 87]},
						{"origin": [61.66641, 21.058, -53.88365], "size": [1, 3.94108, 1.45966], "uv": [24, 87]},
						{"origin": [61.66641, 22.66363, -50.59941], "size": [1, 3.94108, 1.45966], "uv": [6, 87]},
						{"origin": [61.66641, 26.43094, -48.55869], "size": [1, 3.94108, 1.45966], "pivot": [59.52813, 31.19222, -61.8324], "rotation": [-17.5, 0, 0], "uv": [20, 87]},
						{"origin": [42.4501, 19.51494, -57.67236], "size": [20.28929, 9.70674, 3.64915], "pivot": [59.52813, 28.49185, -61.8324], "rotation": [27.5, 0, 0], "uv": [451, 235]},
						{"origin": [61.66641, 23.17451, -47.60711], "size": [1, 3.94108, 1.45966], "uv": [32, 84]},
						{"origin": [61.66641, 27.81797, -45.85851], "size": [1, 3.94108, 1.45966], "pivot": [59.52813, 31.19222, -61.8324], "rotation": [-17.5, 0, 0], "uv": [0, 87]},
						{"origin": [41.28237, 25.53533, -80.67669], "size": [22.62474, 9.70674, 11.67729], "pivot": [59.52813, 34.62242, -60.29975], "rotation": [-12.5, 0, 0], "uv": [441, 136]},
						{"origin": [39.61804, 16.32091, -95.7351], "size": [12.918, 17.88084, 22.33281], "pivot": [59.52813, 35.06032, -77.66972], "rotation": [-25, 12.5, 0], "uv": [0, 400]},
						{"origin": [40.62553, 17.83633, -91.90141], "size": [23.28159, 17.95383, 22.18684], "pivot": [59.52813, 35.06032, -77.66972], "rotation": [-25, 0, 0], "uv": [376, 183]},
						{"origin": [42.52309, 23.17451, -47.60711], "size": [1, 3.94108, 1.45966], "uv": [20, 66]},
						{"origin": [42.52309, 27.81797, -45.85851], "size": [1, 3.94108, 1.45966], "pivot": [59.52813, 31.19222, -61.8324], "rotation": [-17.5, 0, 0], "uv": [24, 66]},
						{"origin": [42.52309, 22.66363, -50.59941], "size": [1, 3.94108, 1.45966], "uv": [0, 66]},
						{"origin": [42.52309, 26.43094, -48.55869], "size": [1, 3.94108, 1.45966], "pivot": [59.52813, 31.19222, -61.8324], "rotation": [-17.5, 0, 0], "uv": [7, 66]},
						{"origin": [42.52309, 23.91203, -51.2081], "size": [1, 3.94108, 1.45966], "pivot": [59.52813, 31.19222, -61.8324], "rotation": [-17.5, 0, 0], "uv": [34, 66]},
						{"origin": [42.52309, 21.058, -53.88365], "size": [1, 3.94108, 1.45966], "uv": [30, 66]},
						{"origin": [42.4501, 20.68266, -54.16918], "size": [1, 3.94108, 1.45966], "pivot": [59.52813, 31.19222, -61.8324], "rotation": [-17.5, 0, 0], "uv": [20, 70]},
						{"origin": [42.4501, 18.86851, -57.67877], "size": [1, 3.94108, 1.45966], "uv": [24, 70]},
						{"origin": [42.4501, 21.12042, -58.36302], "size": [1, 3.94108, 1.45966], "pivot": [59.52813, 31.19222, -61.8324], "rotation": [-17.5, 0, 0], "uv": [30, 70]},
						{"origin": [42.4501, 20.54712, -61.54687], "size": [1, 3.94108, 1.45966], "uv": [34, 70]},
						{"origin": [42.4501, 21.9338, -64.90409], "size": [1, 3.94108, 1.45966], "uv": [35, 81]},
						{"origin": [42.4501, 21.43338, -61.98184], "size": [1, 3.94108, 1.45966], "pivot": [59.52813, 31.19222, -61.8324], "rotation": [-17.5, 0, 0], "uv": [32, 78]},
						{"origin": [42.4501, 18.8763, -69.36375], "size": [0, 3.94108, 1.45966], "pivot": [59.52813, 31.19222, -61.8324], "rotation": [-17.5, 0, 0], "uv": [0, 74]},
						{"origin": [42.4501, 21.71485, -72.71327], "size": [0, 3.94108, 1.45966], "uv": [2, 74]}
					]
				},
				{
					"name": "bone8",
					"parent": "bone7",
					"pivot": [41.99984, 37.10385, -70.89528],
					"rotation": [-180, 2.5, 180],
					"cubes": [
						{"origin": [16.20497, 38.98152, -67.2844], "size": [4.7439, 2.45441, 5.25478], "pivot": [17.07435, 39.05614, -64.54576], "rotation": [-57.5, -12.5, 0], "uv": [111, 170]},
						{"origin": [16.35094, 39.88597, -68.98583], "size": [4.7439, 2.60037, 4.88986], "pivot": [17.22032, 39.78597, -65.12962], "rotation": [0, -12.5, 0], "uv": [194, 100]},
						{"origin": [17.08907, 39.79923, -72.29871], "size": [4.7439, 2.45441, 4.37898], "pivot": [17.95015, 39.64001, -68.48684], "rotation": [20, -10, 0], "uv": [0, 194]},
						{"origin": [17.59165, 38.55941, -75.50586], "size": [4.7439, 2.45441, 4.37898], "pivot": [18.46103, 38.32631, -71.6981], "rotation": [40, -12.5, 0], "uv": [12, 190]},
						{"origin": [17.59165, 39.72713, -84.04488], "size": [4.7439, 1.28668, 8.53902], "pivot": [18.46103, 38.32631, -71.6981], "rotation": [40, -12.5, 0], "uv": [0, 135]},
						{"origin": [17.59165, 38.14563, -83.25808], "size": [4.7439, 1.16773, 9.19586], "pivot": [18.46103, 36.6477, -70.89528], "rotation": [32.5, -12.5, 0], "uv": [155, 180]},
						{"origin": [41.5072, 40.24212, -68.77878], "size": [4.7439, 2.70037, 4.88986], "pivot": [43.60547, 40.24212, -65.12962], "rotation": [0, 12.5, 0], "uv": [0, 188]},
						{"origin": [40.70439, 40.09615, -72.136], "size": [4.7439, 2.55441, 4.37898], "pivot": [42.80265, 40.09615, -68.48684], "rotation": [20, 12.5, 0], "uv": [111, 183]},
						{"origin": [39.90158, 38.78246, -75.34725], "size": [4.7439, 2.55441, 4.37898], "pivot": [41.99984, 38.78246, -71.6981], "rotation": [40, 12.5, 0], "uv": [111, 177]},
						{"origin": [39.90158, 39.95019, -83.88627], "size": [4.7439, 1.38668, 8.53902], "pivot": [41.99984, 38.78246, -71.6981], "rotation": [40, 12.5, 0], "uv": [0, 126]},
						{"origin": [39.90158, 38.49053, -83.08345], "size": [4.7439, 1.16773, 9.19586], "pivot": [41.99984, 37.10385, -70.89528], "rotation": [32.5, 12.5, 0], "uv": [155, 170]},
						{"origin": [41.65317, 39.51229, -67.17315], "size": [4.7439, 2.55441, 5.25478], "pivot": [43.75143, 39.51229, -64.54576], "rotation": [-57.5, 12.5, 0], "uv": [0, 144]}
					]
				},
				{
					"name": "bone36",
					"parent": "bone8",
					"pivot": [19.40981, 34.80488, -70.53037],
					"cubes": [
						{"origin": [17.55516, 35.69698, -69.92503], "size": [1, 4.46144, 8.10112], "pivot": [18.38805, 35.53471, -66.0784], "rotation": [17.5, -12.5, 0], "uv": [20, 87]},
						{"origin": [18.64991, 34.5949, -74.7507], "size": [1, 4.46144, 5.03583], "pivot": [19.40981, 34.80488, -70.53037], "rotation": [-5, -12.5, 0], "uv": [0, 66]}
					]
				},
				{
					"name": "bone37",
					"parent": "bone8",
					"pivot": [43.82442, 34.7319, -71.99003],
					"cubes": [
						{"origin": [43.91916, 35.53471, -71.11423], "size": [1, 4.56144, 8.10112], "pivot": [44.91916, 35.53471, -67.46508], "rotation": [17.5, 12.5, 0], "uv": [20, 66]},
						{"origin": [42.82442, 34.43997, -75.7041], "size": [1, 4.56144, 4.73583], "pivot": [43.82442, 34.7319, -71.99003], "rotation": [-5, 12.5, 0], "uv": [0, 87]}
					]
				},
				{
					"name": "bone38",
					"parent": "bone12",
					"pivot": [65.32813, 31.84907, -60.73765]
				},
				{
					"name": "bone11",
					"parent": "bone38",
					"pivot": [53.32813, 31.84907, -60.73765],
					"rotation": [0, 7.5, 0],
					"cubes": [
						{"origin": [43.82763, 14.0431, -56.7723], "size": [11.94998, 8.71688, 6.20356], "pivot": [53.32813, 30.46239, -59.86186], "rotation": [42.5, 0, 0], "uv": [496, 130]},
						{"origin": [43.64518, 13.91355, -87.60659], "size": [12.57034, 9.92569, 20.72718], "pivot": [53.32813, 30.97327, -74.89636], "rotation": [12.5, 0, 0], "uv": [111, 170]},
						{"origin": [43.64518, 15.42105, -67.47837], "size": [12.42437, 9.92569, 5.03583], "pivot": [53.32813, 32.5789, -70.4444], "rotation": [5, 0, 0], "uv": [490, 361]},
						{"origin": [43.64518, 15.7459, -63.24175], "size": [12.42437, 9.92569, 5.1818], "pivot": [53.32813, 32.87083, -66.06541], "rotation": [7.5, 0, 0], "uv": [489, 434]},
						{"origin": [43.64518, 15.81111, -59.72707], "size": [12.35139, 9.81444, 5.10881], "pivot": [53.32813, 32.87083, -62.63521], "rotation": [12.5, 0, 0], "uv": [238, 396]},
						{"origin": [43.64518, 15.23777, -57.99533], "size": [12.35139, 9.48742, 5.32776], "pivot": [53.32813, 31.84907, -60.73765], "rotation": [25, 0, 0], "uv": [334, 0]}
					]
				},
				{
					"name": "bone10",
					"parent": "bone38",
					"pivot": [65.32813, 31.84907, -60.73765],
					"rotation": [0, -7.5, 0],
					"cubes": [
						{"origin": [50.86186, 12.78997, -55.40475], "size": [10.64998, 8.71688, 6.20356], "pivot": [65.32813, 30.46239, -59.86186], "rotation": [42.5, 0, 0], "uv": [511, 56]},
						{"origin": [50.67941, 13.51209, -85.79569], "size": [11.27034, 9.92569, 20.72718], "pivot": [65.32813, 30.97327, -74.89636], "rotation": [12.5, 0, 0], "uv": [207, 431]},
						{"origin": [50.67941, 15.25939, -65.63057], "size": [11.12437, 9.92569, 5.03583], "pivot": [65.32813, 32.5789, -70.4444], "rotation": [5, 0, 0], "uv": [506, 305]},
						{"origin": [50.67941, 15.50379, -61.40275], "size": [11.12437, 9.92569, 5.1818], "pivot": [65.32813, 32.87083, -66.06541], "rotation": [7.5, 0, 0], "uv": [506, 181]},
						{"origin": [50.67941, 15.40965, -57.91617], "size": [11.05139, 9.81444, 5.10881], "pivot": [65.32813, 32.87083, -62.63521], "rotation": [12.5, 0, 0], "uv": [499, 411]},
						{"origin": [50.67941, 14.45387, -56.31426], "size": [11.05139, 9.48742, 5.32776], "pivot": [65.32813, 31.84907, -60.73765], "rotation": [25, 0, 0], "uv": [102, 438]}
					]
				}
			]
		}
	]
}