{
	"format_version": "1.12.0",
	"minecraft:geometry": [
		{
			"description": {
				"identifier": "geometry.deinojpog",
				"texture_width": 128,
				"texture_height": 128,
				"visible_bounds_width": 9,
				"visible_bounds_height": 5.5,
				"visible_bounds_offset": [0, 2.25, 0]
			},
			"bones": [
				{
					"name": "bone5",
					"pivot": [0, 31.5, -1.7],
					"cubes": [
						{"origin": [-3.9, 17.2, -5.4], "size": [7.8, 7, 8.6], "pivot": [0, 26.2, -2.3], "rotation": [17.5, 0, 0], "uv": [53, 70]},
						{"origin": [-4.1, 23.2, -2], "size": [8.2, 7.5, 9.3], "pivot": [0, 29.7, -1], "rotation": [-12.5, 0, 0], "uv": [19, 68]},
						{"origin": [-3.9, 18.5, -15.7], "size": [7.8, 10.4, 6.8], "pivot": [0, 27.9, -12.6], "rotation": [-45, 0, 0], "uv": [77, 79]},
						{"origin": [-4.2, 24.9, -14.2], "size": [8.4, 8.2, 12.6], "pivot": [0, 32.1, -14.1], "rotation": [-10, 0, 0], "uv": [44, 0]},
						{"origin": [-4, 18, -15.4], "size": [8, 10, 14.6], "pivot": [0, 27, -12.3], "rotation": [-7.5, 0, 0], "uv": [0, 0]}
					]
				},
				{
					"name": "bone4",
					"parent": "bone5",
					"pivot": [0, 27.9, -12.6],
					"cubes": [
						{"origin": [-4.1, 25.6, -15.5], "size": [8.2, 10.2, 5.8], "pivot": [0, 34.6, -15], "rotation": [-37.5, 0, 0], "uv": [83, 31]},
						{"origin": [-4, 28.2, -18.4], "size": [8, 10, 4.1], "pivot": [0, 37.2, -18.6], "rotation": [-32.5, 0, 0], "uv": [0, 84]},
						{"origin": [-3.9, 27.2, -24.8], "size": [7.8, 11.5, 6.7], "pivot": [0, 36.4, -23.1], "rotation": [-7.5, 0, 0], "uv": [78, 14]},
						{"origin": [-3.7, 25.1, -19.7], "size": [7.4, 9.8, 4], "pivot": [0, 33.9, -20], "rotation": [-45, 0, 0], "uv": [24, 84]},
						{"origin": [-3.8, 23, -18.2], "size": [7.6, 9.9, 4.4], "pivot": [0, 31.9, -18.1], "rotation": [-35, 0, 0], "uv": [84, 0]}
					]
				},
				{
					"name": "bone3",
					"parent": "bone4",
					"pivot": [0, 40.5, -22.6],
					"cubes": [
						{"origin": [-2.8, 44, -26.6], "size": [5.6, 6.8, 5], "pivot": [0, 47.8, -26.6], "rotation": [-20, 0, 0], "uv": [82, 95]},
						{"origin": [-2.5, 42, -23.1], "size": [5, 8, 4.1], "pivot": [0, 47, -23.1], "rotation": [-50, 0, 0], "uv": [20, 97]},
						{"origin": [0, 43, -29.1], "size": [0, 13, 14.1], "pivot": [0, 47, -23.1], "rotation": [-50, 0, 0], "uv": [0, 50]},
						{"origin": [-2.6, 39.7, -24.7], "size": [5.2, 6, 6.4], "uv": [86, 46]},
						{"origin": [-2.4, 35.5, -26.1], "size": [4.8, 9, 2.4], "pivot": [0, 40.5, -24], "rotation": [20, 0, 0], "uv": [72, 0]},
						{"origin": [-2.5, 35.5, -24.7], "size": [5, 6, 6.4], "pivot": [0, 40.5, -22.6], "rotation": [10, 0, 0], "uv": [30, 0]}
					]
				},
				{
					"name": "bone",
					"parent": "bone3",
					"pivot": [0, 50, -26.3],
					"cubes": [
						{"origin": [-3, 43.1, -29.8], "size": [6, 6.8, 4.7], "pivot": [0, 46.9, -30.8], "rotation": [7.5, 0, 0], "uv": [97, 74]},
						{"origin": [-2.9, 42.6, -33.6], "size": [5.8, 6.3, 5.2], "pivot": [0, 45.9, -31.7], "rotation": [25, 0, 0], "uv": [95, 58]},
						{"origin": [-2.8, 41.9, -38.9], "size": [5.6, 4.1, 6.3], "pivot": [0, 45.3, -33.6], "rotation": [15, 0, 0], "uv": [0, 51]},
						{"origin": [-2.6, 40.9, -38.8], "size": [0, 5.1, 8.4], "pivot": [0, 45.3, -33.6], "rotation": [15, 0, 0], "uv": [44, 12]},
						{"origin": [2.6, 40.9, -38.8], "size": [0, 5.1, 8.4], "pivot": [5.2, 45.3, -33.6], "rotation": [15, 0, 0], "uv": [16, 43]},
						{"origin": [-2.7, 45.7, -38], "size": [5.4, 3.2, 2.6], "pivot": [0, 50, -32.9], "rotation": [27.5, 0, 0], "uv": [0, 77]},
						{"origin": [-2.6, 45.6, -41.6], "size": [5.2, 3.1, 2.9], "pivot": [0, 49.9, -35.3], "rotation": [45, 0, 0], "uv": [44, 70]}
					]
				},
				{
					"name": "bone2",
					"parent": "bone",
					"pivot": [0, 43.2, -29.6],
					"cubes": [
						{"origin": [-2.5, 40.6, -35.2], "size": [5, 1.3, 5.7], "pivot": [0, 43.6, -35.2], "rotation": [-2.5, 0, 0], "uv": [98, 13]},
						{"origin": [-2.4, 39.7, -32.8], "size": [4.8, 2.1, 3.3], "pivot": [0, 43.6, -35.2], "rotation": [17.5, 0, 0], "uv": [52, 36]},
						{"origin": [2.3, 42.7, -31], "size": [0, 4.1, 2.2], "uv": [11, 22]},
						{"origin": [2.3, 41.6, -37.3], "size": [0, 2.1, 6.2], "uv": [30, 6]},
						{"origin": [-2.3, 42.7, -31], "size": [0, 4.1, 2.2], "uv": [0, 22]},
						{"origin": [-2.3, 41.6, -37.3], "size": [0, 2.1, 6.2], "uv": [0, 38]},
						{"origin": [-2.4, 40.7, -35.8], "size": [4.8, 1.1, 3], "pivot": [0, 43.6, -35.2], "rotation": [17.5, 0, 0], "uv": [28, 64]},
						{"origin": [-2.4, 40.7, -37.4], "size": [4.8, 1.2, 2.9], "pivot": [0, 43.7, -36.5], "rotation": [-2.5, 0, 0], "uv": [52, 25]},
						{"origin": [-2.7, 40.3, -29.6], "size": [5.4, 4.1, 5.7], "uv": [0, 98]}
					]
				},
				{
					"name": "bone23",
					"parent": "bone4",
					"pivot": [3, 14, -16.6],
					"cubes": [
						{"origin": [4.3, 23, -27.1], "size": [2, 5.8, 2.4], "pivot": [2.4, 14, -29.1], "rotation": [-40, 0, 0], "uv": [104, 29]},
						{"origin": [4, 16.9, -21.8], "size": [2.6, 2.8, 2.3], "uv": [52, 28]},
						{"origin": [9, 18.3, -9.4], "size": [1.2, 3.2, 1.2], "pivot": [6.2, 7.3, -11.8], "rotation": [52.5, 0, -20], "uv": [0, 51]},
						{"origin": [9.1, 17.3, -9.3], "size": [1, 3.2, 1], "pivot": [6.2, 7.3, -11.8], "rotation": [52.5, 0, -20], "uv": [44, 46]},
						{"origin": [4.8, 17.4, -9.4], "size": [1, 1.7, 1], "pivot": [1.9, 7.4, -11.9], "rotation": [52.5, 0, 0], "uv": [46, 25]},
						{"origin": [4.7, 18.4, -9.5], "size": [1.2, 1.7, 1.2], "pivot": [1.9, 7.4, -11.9], "rotation": [52.5, 0, 0], "uv": [50, 25]},
						{"origin": [0.7, 20.7, -9.4], "size": [1.2, 3.2, 1.2], "pivot": [-2.1, 9.7, -11.8], "rotation": [52.5, 0, 20], "uv": [32, 51]},
						{"origin": [0.8, 19.7, -9.3], "size": [1, 3.2, 1], "pivot": [-2.1, 9.7, -11.8], "rotation": [52.5, 0, 20], "uv": [38, 24]},
						{"origin": [4.8, 21, -14.6], "size": [2.4, 7, 3], "pivot": [3, 14, -16.6], "rotation": [35, 0, -5], "uv": [104, 19]},
						{"origin": [5.3, 24.1, -27], "size": [0, 4.7, 5.4], "pivot": [2.4, 14.1, -29], "rotation": [-40, 0, 0], "uv": [22, 51]}
					]
				},
				{
					"name": "bone22",
					"parent": "bone4",
					"pivot": [3, 14, -16.6],
					"cubes": [
						{"origin": [-6.6, 17, -21.7], "size": [2.6, 2.8, 2.3], "uv": [46, 0]},
						{"origin": [-1.5, 17.4, -9.2], "size": [1, 3.2, 1], "pivot": [-4.4, 7.4, -11.7], "rotation": [52.5, 0, -20], "uv": [30, 0]},
						{"origin": [-5.9, 18.5, -9.4], "size": [1.2, 1.7, 1.2], "pivot": [-8.7, 7.5, -11.8], "rotation": [52.5, 0, 0], "uv": [46, 4]},
						{"origin": [-5.8, 17.5, -9.3], "size": [1, 1.7, 1], "pivot": [-8.7, 7.5, -11.8], "rotation": [52.5, 0, 0], "uv": [20, 44]},
						{"origin": [-1.6, 18.4, -9.3], "size": [1.2, 3.2, 1.2], "pivot": [-4.4, 7.4, -11.7], "rotation": [52.5, 0, -20], "uv": [0, 0]},
						{"origin": [-9.9, 20.8, -9.3], "size": [1.2, 3.2, 1.2], "pivot": [-12.7, 9.8, -11.7], "rotation": [52.5, 0, 20], "uv": [27, 24]},
						{"origin": [-9.8, 19.8, -9.2], "size": [1, 3.2, 1], "pivot": [-12.7, 9.8, -11.7], "rotation": [52.5, 0, 20], "uv": [10, 0]},
						{"origin": [-6.3, 23.1, -27], "size": [2, 5.8, 2.4], "pivot": [-8.2, 14.1, -29], "rotation": [-40, 0, 0], "uv": [58, 104]},
						{"origin": [-5.3, 24.1, -27], "size": [0, 4.7, 5.4], "pivot": [-8.2, 14.1, -29], "rotation": [-40, 0, 0], "uv": [22, 51]},
						{"origin": [-7.2, 22, -14.6], "size": [2.4, 7, 3], "pivot": [-9, 15, -16.6], "rotation": [35, 0, 5], "uv": [102, 102]}
					]
				},
				{
					"name": "bone9",
					"pivot": [0, 0, 0]
				},
				{
					"name": "bone6",
					"parent": "bone9",
					"pivot": [0, 29.5, 3.7],
					"cubes": [
						{"origin": [-3.4, 19.6, 2], "size": [6.8, 4, 12.6], "pivot": [0, 28.6, 5.1], "rotation": [15, 0, 0], "uv": [52, 20]},
						{"origin": [-3.5, 22.8, 3.8], "size": [7, 6.6, 12.4], "pivot": [0, 28.2, 6.5], "rotation": [2.5, 0, 0], "uv": [47, 52]}
					]
				},
				{
					"name": "bone7",
					"parent": "bone6",
					"pivot": [0, 30.3, 11.9],
					"cubes": [
						{"origin": [-2.9, 21, 13.9], "size": [5.8, 4, 9.1], "pivot": [0, 30, 10], "rotation": [15, 0, 0], "uv": [76, 61]},
						{"origin": [-3, 24.8, 15.4], "size": [6, 5, 11.5], "uv": [58, 36]}
					]
				},
				{
					"name": "bone8",
					"parent": "bone7",
					"pivot": [0, 29.7, 41.1],
					"cubes": [
						{"origin": [-2.4, 24.9, 25.2], "size": [4.8, 2.6, 17], "pivot": [0, 34, 21.7], "rotation": [-2.5, 0, 0], "uv": [27, 27]},
						{"origin": [-2.5, 25.6, 26.4], "size": [5, 3.6, 17], "pivot": [0, 28, 29.6], "rotation": [-10, 0, 0], "uv": [0, 24]},
						{"origin": [-2, 22.6, 42.7], "size": [4, 3.3, 15], "pivot": [0, 24.7, 45.9], "rotation": [-17.5, 0, 0], "uv": [21, 46]},
						{"origin": [0, 24.6, 39.7], "size": [0, 5.3, 18.6], "pivot": [0, 27.7, 46.9], "rotation": [-17.5, 0, 0], "uv": [0, 28]}
					]
				},
				{
					"name": "bone10",
					"pivot": [-4.1, -4.4, -5.7]
				},
				{
					"name": "bone16",
					"parent": "bone10",
					"pivot": [-8, 11, -6],
					"cubes": [
						{"origin": [-6.9, 15.4, -6.9], "size": [3.8, 11, 5], "pivot": [-8, 12.4, -6.9], "rotation": [-35, 0, 0], "uv": [0, 24]},
						{"origin": [-7, 14, -6], "size": [4, 11, 5], "pivot": [-8, 11, -6], "rotation": [-10, 0, 0], "uv": [46, 85]}
					]
				},
				{
					"name": "bone17",
					"parent": "bone16",
					"pivot": [-8, 11, -6],
					"cubes": [
						{"origin": [-6.7, 9, 4.6], "size": [3.4, 9, 4], "pivot": [-8, 4, 4.6], "rotation": [45, 0, 0], "uv": [0, 0]}
					]
				},
				{
					"name": "bone18",
					"parent": "bone17",
					"pivot": [-8, 11, -6],
					"cubes": [
						{"origin": [-6.6, 2.7, -3.3], "size": [3.2, 10.6, 2.5], "pivot": [-8, -0.9, -5.5], "rotation": [-25, 0, 0], "uv": [38, 99]}
					]
				},
				{
					"name": "bone19",
					"parent": "bone18",
					"pivot": [-4.1, -4.4, -5.7],
					"cubes": [
						{"origin": [-6.8, -0.2, -5.8], "size": [3.6, 2.8, 6.4], "uv": [73, 52]}
					]
				},
				{
					"name": "bone20",
					"parent": "bone19",
					"pivot": [-4.1, -3, 2.9],
					"cubes": [
						{"origin": [-4.1, 1.1, -1.3], "size": [1.4, 2.5, 1.4], "pivot": [-4.1, -6.8, -2.5], "rotation": [10, 0, 0], "uv": [52, 4]},
						{"origin": [-3.9, 3.6, -4.7], "size": [1, 1.2, 1.8], "uv": [42, 25]},
						{"origin": [-4, 4.9, 4.1], "size": [1.2, 1.5, 1.4], "pivot": [-4.1, -3, 2.9], "rotation": [52.5, 0, 0], "uv": [30, 4]}
					]
				},
				{
					"name": "bone11",
					"pivot": [2, 12.4, -6.9]
				},
				{
					"name": "bone12",
					"parent": "bone11",
					"pivot": [2, 11, -6],
					"cubes": [
						{"origin": [3.1, 15.4, -6.9], "size": [3.8, 11, 5], "pivot": [2, 12.4, -6.9], "rotation": [-35, 0, 0], "uv": [27, 24]},
						{"origin": [3, 14, -6], "size": [4, 11, 5], "pivot": [2, 11, -6], "rotation": [-10, 0, 0], "uv": [64, 90]}
					]
				},
				{
					"name": "bone13",
					"parent": "bone12",
					"pivot": [2, 11, -6],
					"cubes": [
						{"origin": [3.3, 9, 4.6], "size": [3.4, 9, 4], "pivot": [2, 4, 4.6], "rotation": [45, 0, 0], "uv": [44, 46]}
					]
				},
				{
					"name": "bone14",
					"parent": "bone13",
					"pivot": [2, 4, 4.6],
					"cubes": [
						{"origin": [3.4, 2.7, -3.3], "size": [3.2, 10.6, 2.5], "pivot": [2, -0.9, -5.5], "rotation": [-25, 0, 0], "uv": [48, 101]}
					]
				},
				{
					"name": "bone15",
					"parent": "bone14",
					"pivot": [2.6, -3, 2.9],
					"cubes": [
						{"origin": [3.2, -0.2, -5.8], "size": [3.6, 2.8, 6.4], "uv": [97, 89]}
					]
				},
				{
					"name": "bone21",
					"parent": "bone15",
					"pivot": [2.6, -4.4, -5.7],
					"cubes": [
						{"origin": [2.6, 1.1, -1.3], "size": [1.4, 2.5, 1.4], "pivot": [2.6, -6.8, -2.5], "rotation": [10, 0, 0], "uv": [52, 7]},
						{"origin": [2.7, 4.9, 4.1], "size": [1.2, 1.5, 1.4], "pivot": [2.6, -3, 2.9], "rotation": [52.5, 0, 0], "uv": [16, 44]},
						{"origin": [2.8, 3.6, -4.7], "size": [1, 1.2, 1.8], "uv": [12, 44]}
					]
				}
			]
		}
	]
}