{
	"format_version": "1.12.0",
	"minecraft:geometry": [
		{
			"description": {
				"identifier": "geometry.homa",
				"texture_width": 128,
				"texture_height": 128,
				"visible_bounds_width": 7,
				"visible_bounds_height": 3.5,
				"visible_bounds_offset": [0, 1.25, 0]
			},
			"bones": [
				{
					"name": "bone",
					"pivot": [0, 29.6, -21.2]
				},
				{
					"name": "bone22",
					"parent": "bone",
					"pivot": [-4, -1.5, -2.1],
					"cubes": [
						{"origin": [-5, 13.5, -3.3], "size": [3, 9, 6], "pivot": [-4, 13.5, -3.3], "rotation": [-25, 0, 0], "uv": [38, 38]}
					]
				},
				{
					"name": "bone23",
					"parent": "bone22",
					"pivot": [-4, -1.5, -2.1],
					"cubes": [
						{"origin": [-4.8, 5.6, 1.3], "size": [2.6, 9, 3.5], "pivot": [-4, 5.6, 1.3], "rotation": [30, 0, 0], "uv": [33, 65]}
					]
				},
				{
					"name": "bone24",
					"parent": "bone23",
					"pivot": [-4, -1.5, -2.1],
					"cubes": [
						{"origin": [-4.6, 1.8, -0.9], "size": [2.2, 7.4, 2.1], "pivot": [-4, 0.4, -2.3], "rotation": [-22.5, 0, 0], "uv": [0, 0]}
					]
				},
				{
					"name": "bone25",
					"parent": "bone24",
					"pivot": [-4, -1.5, -2.1],
					"cubes": [
						{"origin": [-4.7, -0.1, -2.7], "size": [2.4, 1.4, 4.1], "uv": [28, 21]}
					]
				},
				{
					"name": "bone6",
					"parent": "bone",
					"pivot": [0, 23.1, -11.5],
					"cubes": [
						{"origin": [-2.9, 22.5, -13.2], "size": [5.8, 2.1, 4.3], "pivot": [0, 23.3, -12.4], "rotation": [10, 0, 0], "uv": [32, 0]},
						{"origin": [-3, 16.6, -14.2], "size": [6, 8, 5.2], "uv": [28, 8]},
						{"origin": [-2.8, 16.4, -13.3], "size": [5.6, 3, 4.6], "pivot": [0, 23.1, -11.5], "rotation": [-7.5, 0, 0], "uv": [65, 65]}
					]
				},
				{
					"name": "bone9",
					"parent": "bone6",
					"pivot": [-3, 5.2, -12.4],
					"cubes": [
						{"origin": [-3.8, 15.5, -9.7], "size": [1.6, 4, 2.5], "pivot": [-3, 11.5, -9.7], "rotation": [22.5, 0, 0], "uv": [0, 13]}
					]
				},
				{
					"name": "bone10",
					"parent": "bone9",
					"pivot": [-3, 5.2, -12.4],
					"cubes": [
						{"origin": [-3.7, 13.1, -13.2], "size": [1.4, 4, 2], "pivot": [-3, 8.1, -13.7], "rotation": [-15, 0, 0], "uv": [20, 0]}
					]
				},
				{
					"name": "bone11",
					"parent": "bone10",
					"pivot": [-3, 5.2, -12.4],
					"cubes": [
						{"origin": [-3.8, 11.2, -11.9], "size": [1.6, 1.6, 1.9], "uv": [6, 0]}
					]
				},
				{
					"name": "bone12",
					"parent": "bone6",
					"pivot": [3, 5.2, -12.4],
					"cubes": [
						{"origin": [2.2, 15.5, -9.7], "size": [1.6, 4, 2.5], "pivot": [3, 11.5, -9.7], "rotation": [22.5, 0, 0], "uv": [32, 42]}
					]
				},
				{
					"name": "bone13",
					"parent": "bone12",
					"pivot": [3, 5.2, -12.4],
					"cubes": [
						{"origin": [2.3, 13.1, -13.2], "size": [1.4, 4, 2], "pivot": [3, 8.1, -13.7], "rotation": [-15, 0, 0], "uv": [0, 28]}
					]
				},
				{
					"name": "bone14",
					"parent": "bone13",
					"pivot": [3, 5.2, -12.4],
					"cubes": [
						{"origin": [2.2, 11.2, -11.9], "size": [1.6, 1.6, 1.9], "uv": [28, 8]}
					]
				},
				{
					"name": "bone7",
					"parent": "bone6",
					"pivot": [0, 23.3, -3.1],
					"cubes": [
						{"origin": [-3.1, 16, -9.3], "size": [6.2, 9.1, 4.5], "pivot": [0, 23.8, -7.5], "rotation": [-2.5, 0, 0], "uv": [0, 42]},
						{"origin": [-2.9, 15.7, -8.6], "size": [5.8, 3.1, 10.5], "pivot": [0, 23.5, -6.8], "rotation": [-12.5, 0, 0], "uv": [0, 0]},
						{"origin": [-3, 15.7, -4.9], "size": [6, 9, 6.5], "pivot": [0, 23.3, -3.1], "rotation": [-7.5, 0, 0], "uv": [0, 13]}
					]
				},
				{
					"name": "bone8",
					"parent": "bone7",
					"pivot": [0, 22.1, -3.7],
					"cubes": [
						{"origin": [-2.9, 14.7, 1.3], "size": [5.8, 9, 4.5], "pivot": [0, 22.3, 3.1], "rotation": [-12.5, 0, 0], "uv": [0, 55]},
						{"origin": [-2.8, 14.3, 0.6], "size": [5.6, 3.1, 4.4], "pivot": [0, 22.1, -3.7], "rotation": [-5, 0, 0], "uv": [64, 47]}
					]
				},
				{
					"name": "bone15",
					"parent": "bone8",
					"pivot": [0, 16.5, 38.6],
					"cubes": [
						{"origin": [-2.7, 16.6, 5.4], "size": [5.4, 6.1, 6.5], "pivot": [0, 21.2, 7.2], "rotation": [-12.5, 0, 0], "uv": [0, 30]},
						{"origin": [-2.6, 13.2, 3.5], "size": [5.2, 3.5, 6.6], "pivot": [0, 21.1, -0.7], "rotation": [5, 0, 0], "uv": [50, 11]}
					]
				},
				{
					"name": "bone16",
					"parent": "bone15",
					"pivot": [0, 19.6, 13.3],
					"cubes": [
						{"origin": [-2.2, 14.1, 10.8], "size": [4.4, 3.2, 6.2], "pivot": [0, 17.9, 12.3], "rotation": [-5, 0, 0], "uv": [45, 61]},
						{"origin": [-2.3, 16, 11.5], "size": [4.6, 5.2, 6.5], "pivot": [0, 19.6, 13.3], "rotation": [-17.5, 0, 0], "uv": [50, 50]}
					]
				},
				{
					"name": "bone17",
					"parent": "bone16",
					"pivot": [0, 16.5, 38.6],
					"cubes": [
						{"origin": [-2, 14.4, 16.9], "size": [4, 5.2, 6.5], "pivot": [0, 18, 18.7], "rotation": [-5, 0, 0], "uv": [45, 0]},
						{"origin": [-1.9, 13.8, 16.4], "size": [3.8, 2.2, 6.5], "pivot": [0, 17.4, 18.2], "rotation": [2.5, 0, 0], "uv": [20, 0]}
					]
				},
				{
					"name": "bone18",
					"parent": "bone17",
					"pivot": [0, 16.5, 38.6],
					"cubes": [
						{"origin": [-1.6, 14, 22.9], "size": [3.2, 5.1, 6.3], "uv": [18, 57]}
					]
				},
				{
					"name": "bone19",
					"parent": "bone18",
					"pivot": [0, 16.5, 38.6],
					"cubes": [
						{"origin": [-1.3, 15.2, 28.8], "size": [2.6, 4, 8.6], "pivot": [0, 17.5, 30.5], "rotation": [7.5, 0, 0], "uv": [20, 45]},
						{"origin": [-1.2, 14.4, 28.6], "size": [2.4, 2, 8.6], "pivot": [0, 16.7, 30.3], "rotation": [15, 0, 0], "uv": [56, 37]}
					]
				},
				{
					"name": "bone20",
					"parent": "bone19",
					"pivot": [0, 16.5, 38.6],
					"cubes": [
						{"origin": [-1, 17.6, 36.9], "size": [2, 2.2, 10.5], "pivot": [0, 18.1, 38.6], "rotation": [-7.5, 0, 0], "uv": [14, 18]},
						{"origin": [-0.9, 16.2, 36.9], "size": [1.8, 1.8, 9.2], "pivot": [0, 16.5, 38.6], "rotation": [5, 0, 0], "uv": [31, 53]}
					]
				},
				{
					"name": "bone4",
					"parent": "bone6",
					"pivot": [0, 22.4, -13.3],
					"cubes": [
						{"origin": [-2, 17.7, -15.1], "size": [4, 6, 4.2], "pivot": [0, 22.4, -13.3], "rotation": [-32.5, 0, 0], "uv": [62, 20]}
					]
				},
				{
					"name": "bone3",
					"parent": "bone4",
					"pivot": [0, 26.6, -17.1],
					"cubes": [
						{"origin": [-1.9, 24, -19.8], "size": [3.8, 4.6, 8.6], "pivot": [0, 27.5, -17.6], "rotation": [-55, 0, 0], "uv": [22, 30]}
					]
				},
				{
					"name": "bone5",
					"parent": "bone3",
					"pivot": [0, 26.6, -17.1],
					"cubes": [
						{"origin": [-1.8, 23.1, -19.3], "size": [3.6, 1.6, 8.5], "pivot": [0, 26.6, -17.1], "rotation": [-62.5, 0, 0], "uv": [48, 28]}
					]
				},
				{
					"name": "bone2",
					"parent": "bone3",
					"pivot": [0, 29.6, -21.2],
					"cubes": [
						{"origin": [-1.8, 24.3, -24.3], "size": [3.6, 2.9, 3.4], "pivot": [0, 26.2, -25.3], "rotation": [-2.5, 0, 0], "uv": [50, 20]},
						{"origin": [-1.9, 24.8, -24.4], "size": [3.8, 2.9, 3.1], "pivot": [0, 26.8, -25.7], "rotation": [22.5, 0, 0], "uv": [50, 37]},
						{"origin": [-1.6, 26, -26], "size": [3.2, 1.2, 2.2], "pivot": [0, 26.2, -25.7], "rotation": [37.5, 0, 0], "uv": [18, 13]},
						{"origin": [-1.7, 23.5, -24.7], "size": [3.4, 3.8, 1.6], "pivot": [0, 25.5, -24.6], "rotation": [95, 0, 0], "uv": [36, 21]},
						{"origin": [-1.6, 24.9, -25.5], "size": [3.2, 1.1, 1.2], "pivot": [0, 24.8, -26.4], "rotation": [-17.5, 0, 0], "uv": [4, 28]},
						{"origin": [-1.5, 26, -26.1], "size": [3, 1.1, 1], "pivot": [0, 25.9, -27.2], "rotation": [-40, 0, 0], "uv": [18, 16]},
						{"origin": [-2, 23.9, -22], "size": [4, 5, 4.4], "pivot": [0, 27.9, -22], "rotation": [15, 0, 0], "uv": [65, 0]},
						{"origin": [-1.9, 29.3, -20.9], "size": [3.8, 1.3, 1.3], "pivot": [0, 29.6, -17.3], "rotation": [5, 0, 0], "uv": [22, 35]},
						{"origin": [-1.8, 29, -19.9], "size": [3.6, 1, 1.7], "pivot": [0, 29.1, -17.9], "rotation": [-10, 0, 0], "uv": [36, 36]},
						{"origin": [-1.8, 29.5, -22.1], "size": [3.6, 1.3, 1.3], "pivot": [0, 29.8, -18.5], "rotation": [12.5, 0, 0], "uv": [20, 8]},
						{"origin": [-1.7, 29.3, -23.3], "size": [3.4, 1.3, 1.8], "pivot": [0, 29.6, -21.2], "rotation": [52.5, 0, 0], "uv": [28, 26]}
					]
				},
				{
					"name": "bone21",
					"parent": "bone",
					"pivot": [3, -1.5, -2.1],
					"cubes": [
						{"origin": [2, 13.5, -3.3], "size": [3, 9, 6], "pivot": [3, 13.5, -3.3], "rotation": [-25, 0, 0], "uv": [38, 21]}
					]
				},
				{
					"name": "bone26",
					"parent": "bone21",
					"pivot": [3, -1.5, -2.1],
					"cubes": [
						{"origin": [2.2, 5.6, 1.3], "size": [2.6, 9, 3.5], "pivot": [3, 5.6, 1.3], "rotation": [30, 0, 0], "uv": [0, 68]}
					]
				},
				{
					"name": "bone27",
					"parent": "bone26",
					"pivot": [3, -1.5, -2.1],
					"cubes": [
						{"origin": [2.4, 1.8, -0.9], "size": [2.2, 7.4, 2.1], "pivot": [3, 0.4, -2.3], "rotation": [-22.5, 0, 0], "uv": [20, 42]}
					]
				},
				{
					"name": "bone28",
					"parent": "bone27",
					"pivot": [3, -1.5, -2.1],
					"cubes": [
						{"origin": [2.3, -0.1, -2.7], "size": [2.4, 1.4, 4.1], "uv": [16, 30]}
					]
				}
			]
		}
	]
}