{
	"format_version": "1.12.0",
	"minecraft:geometry": [
		{
			"description": {
				"identifier": "geometry.incubadora",
				"texture_width": 128,
				"texture_height": 128,
				"visible_bounds_width": 2,
				"visible_bounds_height": 3,
				"visible_bounds_offset": [0, 0.5, 0]
			},
			"bones": [
				{
					"name": "unknown_bone",
					"pivot": [0, 0, 0],
					"cubes": [
						{"origin": [-7, 0, -7], "size": [14, 2, 14], "uv": [0, 16]},
						{"origin": [-7, 16, -7], "size": [14, 2, 14], "uv": [0, 0]},
						{"origin": [-2, 18, -2], "size": [4, 2, 4], "uv": [16, 32]},
						{"origin": [-3, 18, 2], "size": [6, 1, 1], "uv": [0, 2]},
						{"origin": [-3, 18, -3], "size": [6, 1, 1], "uv": [0, 0]},
						{"origin": [-2, 18, -4], "size": [4, 1, 1], "uv": [0, 18]},
						{"origin": [-2, 18, 3], "size": [4, 1, 1], "uv": [0, 16]},
						{"origin": [2, 18, -2], "size": [1, 1, 4], "uv": [0, 9]},
						{"origin": [3, 18, -1], "size": [1, 1, 2], "uv": [4, 21]},
						{"origin": [-4, 18, -1], "size": [1, 1, 2], "uv": [0, 20]},
						{"origin": [-3, 18, -2], "size": [1, 1, 4], "uv": [0, 4]},
						{"origin": [6, 2, -7], "size": [1, 14, 14], "uv": [30, 32]},
						{"origin": [-7, 2, -7], "size": [1, 14, 14], "uv": [0, 32]},
						{"origin": [-6, 2, -7], "size": [12, 14, 1], "uv": [55, 31]},
						{"origin": [-6, 2, 6], "size": [12, 14, 1], "uv": [55, 15]},
						{"origin": [-6, 1, -8], "size": [1, 1, 1], "uv": [10, 4]},
						{"origin": [-4, 1, -8], "size": [1, 1, 1], "uv": [0, 9]}
					]
				}
			]
		}
	]
}