{
	"format_version": "1.12.0",
	"minecraft:geometry": [
		{
			"description": {
				"identifier": "geometry.ingenp",
				"texture_width": 256,
				"texture_height": 256,
				"visible_bounds_width": 10,
				"visible_bounds_height": 6.5,
				"visible_bounds_offset": [0, 2.75, 0]
			},
			"bones": [
				{
					"name": "bone21",
					"pivot": [0, 0, 0]
				},
				{
					"name": "bone14",
					"parent": "bone21",
					"pivot": [0, 36.6, 15.1],
					"cubes": [
						{"origin": [-3.5, 25.2, 17.8], "size": [7, 6.8, 5.6], "pivot": [-0.1, 31.9, 18.7], "rotation": [36, 0, 0], "uv": [60, 113]},
						{"origin": [-3.5, 21.5, 10.2], "size": [7, 11.1, 7.7], "pivot": [0, 20.8, 14], "rotation": [-2.5, 0, 0], "uv": [0, 61]},
						{"origin": [-3.7, 26.6, 15.7], "size": [7.4, 9.2, 11.6], "pivot": [-0.2, 26.7, 21.7], "rotation": [52.5, 0, 0], "uv": [0, 0]},
						{"origin": [-3.6, 30.4, 15.1], "size": [7.2, 6.1, 5.6], "pivot": [-0.1, 35.2, 16], "rotation": [42.5, 0, 0], "uv": [84, 113]}
					]
				},
				{
					"name": "bone15",
					"parent": "bone14",
					"pivot": [-0.2, 20.6, 27.7],
					"cubes": [
						{"origin": [-3.4, 21.5, 16.7], "size": [6.8, 4.1, 9.1], "pivot": [0, 20.8, 16.5], "rotation": [-15, 0, 0], "uv": [52, 59]},
						{"origin": [-3.6, 21.5, 25.4], "size": [7.2, 8.2, 9.2], "pivot": [-0.2, 20.6, 27.7], "rotation": [55, 0, 0], "uv": [50, 0]}
					]
				},
				{
					"name": "bone16",
					"parent": "bone15",
					"pivot": [-0.2, 15.5, 33.2],
					"cubes": [
						{"origin": [-3.2, 16.4, 32.9], "size": [6.4, 8.2, 5.8], "pivot": [-0.2, 15.5, 33.2], "rotation": [62.5, 0, 0], "uv": [38, 110]},
						{"origin": [-3.3, 16.4, 32.9], "size": [6.6, 8.2, 7.2], "pivot": [-0.2, 15.5, 33.2], "rotation": [50, 0, 0], "uv": [95, 21]}
					]
				},
				{
					"name": "bone17",
					"parent": "bone16",
					"pivot": [-0.2, 15.5, 33.2],
					"cubes": [
						{"origin": [-3, 11.1, 39.6], "size": [6, 9.2, 7.2], "pivot": [-0.2, 11.2, 39.9], "rotation": [57.5, 0, 0], "uv": [76, 33]}
					]
				},
				{
					"name": "bone18",
					"parent": "bone17",
					"pivot": [-0.2, 6.7, 47.1],
					"cubes": [
						{"origin": [-2.7, 6.4, 48.8], "size": [5.4, 9.2, 5.2], "pivot": [-0.2, 6.5, 47.1], "rotation": [57.5, 0, 0], "uv": [108, 113]},
						{"origin": [-2.6, 6.6, 48.8], "size": [5.2, 9.2, 4.2], "pivot": [-0.2, 6.7, 47.1], "rotation": [70, 0, 0], "uv": [120, 98]}
					]
				},
				{
					"name": "bone19",
					"parent": "bone18",
					"pivot": [-0.2, 6.7, 47.1],
					"cubes": [
						{"origin": [-2.4, 2.2, 57.1], "size": [4.8, 9.2, 4.9], "pivot": [-0.2, 2.3, 55.4], "rotation": [62.5, 0, 0], "uv": [18, 121]}
					]
				},
				{
					"name": "bone20",
					"parent": "bone19",
					"pivot": [-0.2, 1.7, 64.6],
					"cubes": [
						{"origin": [-1.7, 1.6, 66.3], "size": [3.4, 9.2, 2.9], "pivot": [-0.2, 1.7, 64.6], "rotation": [75, 0, 0], "uv": [0, 20]},
						{"origin": [-1.6, 1.6, 66.3], "size": [3.2, 9.2, 2.9], "pivot": [-0.2, 1.7, 64.6], "rotation": [85, 0, 0], "uv": [0, 0]}
					]
				},
				{
					"name": "bone11",
					"parent": "bone21",
					"pivot": [-0.1, 38.6, -17.9],
					"cubes": [
						{"origin": [-3.6, 46, -20.7], "size": [7.2, 9.7, 11.3], "pivot": [-0.1, 46.6, -14.8], "rotation": [80, 0, 0], "uv": [0, 40]},
						{"origin": [-3.4, 48.2, -16.4], "size": [6.8, 10, 6.2], "pivot": [-0.1, 49.1, -14.8], "rotation": [95, 0, 0], "uv": [96, 97]},
						{"origin": [-3.7, 43, -12.4], "size": [7.4, 9.7, 11.3], "pivot": [-0.1, 43.6, -6.5], "rotation": [70, 0, 0], "uv": [25, 29]},
						{"origin": [-3.5, 47.2, -7.6], "size": [7, 10, 6.2], "pivot": [-0.1, 48.1, -6], "rotation": [82.5, 0, 0], "uv": [26, 85]},
						{"origin": [-3.8, 39.4, -5.1], "size": [7.6, 8.6, 11.4], "pivot": [-0.1, 38.9, 0.9], "rotation": [57.5, 0, 0], "uv": [25, 49]},
						{"origin": [-3.9, 36.6, 2], "size": [7.8, 9.2, 11.4], "pivot": [-0.2, 36.7, 8], "rotation": [70, 0, 0], "uv": [25, 9]},
						{"origin": [-3.6, 41.8, -1], "size": [7.2, 11.1, 6.2], "pivot": [-0.1, 43.8, 0.6], "rotation": [57.5, 0, 0], "uv": [80, 80]},
						{"origin": [-3.5, 40.3, 1.3], "size": [7, 11.1, 6.2], "pivot": [-0.1, 42.3, 2.9], "rotation": [62.5, 0, 0], "uv": [54, 72]},
						{"origin": [-3.6, 38.3, 6.6], "size": [7.2, 5.1, 5], "pivot": [-0.1, 40.3, 7], "rotation": [73, 0, 0], "uv": [114, 88]},
						{"origin": [-3.7, 31.9, 9.9], "size": [7.4, 9.9, 5.6], "pivot": [-0.1, 38.4, 10.8], "rotation": [60, 0, 0], "uv": [106, 74]},
						{"origin": [-3.8, 32.2, 9], "size": [7.6, 9.2, 11.4], "pivot": [-0.2, 32.3, 15], "rotation": [57.5, 0, 0], "uv": [0, 20]},
						{"origin": [-3.6, 20.6, 9.9], "size": [7.2, 11.1, 3.3], "pivot": [-0.1, 19.9, 9.3], "rotation": [12.5, 0, 0], "uv": [114, 13]},
						{"origin": [-3.7, 21, 3.1], "size": [7.4, 11, 6.8], "pivot": [-0.1, 20.2, 6], "rotation": [-5, 0, 0], "uv": [28, 68]},
						{"origin": [-3.8, 22.2, -3.4], "size": [7.6, 11, 6.8], "pivot": [-0.1, 21.4, -0.5], "rotation": [-15, 0, 0], "uv": [76, 11]},
						{"origin": [-3.7, 25, -9.6], "size": [7.4, 11, 6.8], "pivot": [-0.1, 24.2, -6.7], "rotation": [-30, 0, 0], "uv": [78, 51]},
						{"origin": [-3.6, 28.9, -14.9], "size": [7.2, 11, 6.8], "pivot": [-0.1, 28.1, -12], "rotation": [-40, 0, 0], "uv": [0, 79]},
						{"origin": [-3.6, 32, -23.6], "size": [7.2, 11.4, 8.4], "pivot": [-0.1, 31.6, -18.4], "rotation": [-42.5, 0, 0], "uv": [53, 21]},
						{"origin": [-3.5, 29.4, -16.1], "size": [7, 11.2, 5.4], "pivot": [-0.1, 28.8, -13.9], "rotation": [-10, 0, 0], "uv": [72, 97]},
						{"origin": [-3.4, 29.6, -13.4], "size": [6.8, 11, 3], "pivot": [-0.1, 28.8, -13.9], "rotation": [-25, 0, 0], "uv": [0, 117]},
						{"origin": [-3.5, 39, -23.1], "size": [7, 8.7, 9.2], "pivot": [-0.1, 38.6, -17.9], "rotation": [42.5, 0, 0], "uv": [52, 40]}
					]
				},
				{
					"name": "bone12",
					"parent": "bone11",
					"pivot": [1.9, 24.2, -18.4],
					"cubes": [
						{"origin": [3.5, 50.2, -22.6], "size": [2, 3.7, 7.2], "pivot": [1.9, 44.8, -16.4], "rotation": [115, 0, 0], "uv": [66, 124]},
						{"origin": [3.6, 38.2, -21.7], "size": [1.8, 2.7, 8.1], "pivot": [1.9, 33.1, -15], "rotation": [60, 0, 0], "uv": [123, 59]},
						{"origin": [3.5, 26.6, -24.6], "size": [2, 5.1, 2.6], "pivot": [1.9, 24.2, -18.4], "rotation": [5, 0, 0], "uv": [60, 133]}
					]
				},
				{
					"name": "bone13",
					"parent": "bone11",
					"pivot": [-7.1, 24.2, -18.4],
					"cubes": [
						{"origin": [-5.5, 50.2, -22.6], "size": [2, 3.7, 7.2], "pivot": [-7.1, 44.8, -16.4], "rotation": [115, 0, 0], "uv": [48, 123]},
						{"origin": [-5.4, 38.2, -21.7], "size": [1.8, 2.7, 8.1], "pivot": [-7.1, 33.1, -15], "rotation": [60, 0, 0], "uv": [120, 120]},
						{"origin": [-5.5, 26.6, -24.6], "size": [2, 5.1, 2.6], "pivot": [-7.1, 24.2, -18.4], "rotation": [5, 0, 0], "uv": [106, 88]}
					]
				},
				{
					"name": "bone10",
					"parent": "bone21",
					"pivot": [0, 43.9, -27.9],
					"cubes": [
						{"origin": [-3.5, 47.3, -22.9], "size": [7, 6.9, 7], "pivot": [-0.1, 47.9, -21.3], "rotation": [70, 0, 0], "uv": [96, 0]},
						{"origin": [-3.4, 40.3, -29.5], "size": [6.8, 6.4, 7.8], "pivot": [0, 43.9, -27.9], "rotation": [50, 0, 0], "uv": [97, 61]}
					]
				},
				{
					"name": "bone3",
					"parent": "bone10",
					"pivot": [0, 45.6, -29.6],
					"cubes": [
						{"origin": [-2.5, 49.6, -28.4], "size": [5, 3.8, 7.7], "pivot": [-0.1, 49.2, -24.7], "rotation": [52.5, 0, 0], "uv": [75, 68]},
						{"origin": [-2.3, 44.7, -31.2], "size": [4.6, 3.7, 5.6], "pivot": [0, 45.6, -29.6], "rotation": [7.5, 0, 0], "uv": [73, 0]}
					]
				},
				{
					"name": "bone4",
					"parent": "bone3",
					"pivot": [0, 50.3, -30.5],
					"cubes": [
						{"origin": [-2.3, 51.5, -28.9], "size": [4.6, 3.3, 5.6], "pivot": [-0.1, 51.1, -27.3], "rotation": [35, 0, 0], "uv": [125, 69]},
						{"origin": [-2.2, 47.2, -31.6], "size": [4.4, 3.7, 5.6], "pivot": [0, 48.1, -30], "rotation": [12.5, 0, 0], "uv": [120, 39]},
						{"origin": [-2.1, 50.2, -32.1], "size": [4.2, 2.9, 3.2], "pivot": [0, 50.3, -30.5], "rotation": [15, 0, 0], "uv": [86, 0]}
					]
				},
				{
					"name": "bone5",
					"parent": "bone4",
					"pivot": [0, 52.8, -31.2],
					"cubes": [
						{"origin": [-2.2, 53.6, -30.4], "size": [4.4, 2.2, 5.6], "pivot": [0, 52.9, -28.8], "rotation": [25, 0, 0], "uv": [123, 111]},
						{"origin": [-2, 52.9, -32.8], "size": [4, 2.7, 2.4], "pivot": [0, 52.8, -31.2], "rotation": [10, 0, 0], "uv": [61, 17]}
					]
				},
				{
					"name": "bone6",
					"parent": "bone5",
					"pivot": [0, 54.4, -31.9],
					"cubes": [
						{"origin": [-2.1, 55.3, -31.6], "size": [4.2, 3, 5.6], "pivot": [0, 55.4, -30], "rotation": [20, 0, 0], "uv": [126, 47]},
						{"origin": [-1.9, 54.8, -33.5], "size": [3.8, 2.5, 1.9], "pivot": [0, 54.4, -31.9], "rotation": [-17.5, 0, 0], "uv": [39, 0]}
					]
				},
				{
					"name": "bone7",
					"parent": "bone6",
					"pivot": [0, 57.7, -31],
					"cubes": [
						{"origin": [-2, 57.6, -32.6], "size": [4, 2.3, 5.6], "pivot": [0, 57.7, -31], "rotation": [2.5, 0, 0], "uv": [128, 27]}
					]
				},
				{
					"name": "bone8",
					"parent": "bone7",
					"pivot": [0, 60.1, -32.1],
					"cubes": [
						{"origin": [-1.9, 59.6, -32.4], "size": [3.8, 4.3, 5.6], "pivot": [0, 61.1, -30.8], "rotation": [-7.5, 0, 0], "uv": [112, 130]},
						{"origin": [-1.8, 58.6, -34], "size": [3.6, 2.3, 3.9], "pivot": [0, 60.1, -32.1], "rotation": [-45, 0, 0], "uv": [83, 28]}
					]
				},
				{
					"name": "bone9",
					"parent": "bone8",
					"pivot": [0, 65.6, -41],
					"cubes": [
						{"origin": [-2, 61.7, -32.8], "size": [4, 3.1, 6.3], "pivot": [0, 62.5, -30.7], "rotation": [22.5, 0, 0], "uv": [25, 0]},
						{"origin": [-1.9, 64, -32.9], "size": [3.8, 3.1, 5.5], "pivot": [0, 64.8, -31.6], "rotation": [12.5, 0, 0], "uv": [130, 77]},
						{"origin": [-1.8, 65.4, -33.8], "size": [3.6, 2.9, 5.7], "pivot": [0, 67.9, -31.3], "rotation": [-2.5, 0, 0], "uv": [130, 118]},
						{"origin": [-0.8, 67.6, -32.2], "size": [1.6, 2.9, 4.7], "pivot": [0, 70.1, -30.7], "rotation": [-10, 0, 0], "uv": [0, 40]},
						{"origin": [-1.3, 64.7, -28.3], "size": [2.6, 3.3, 4.6], "pivot": [0, 68.8, -26.9], "rotation": [-165, 0, 0], "uv": [38, 101]},
						{"origin": [-1.3, 70, -26.7], "size": [2.6, 3.1, 6.5], "uv": [128, 130]},
						{"origin": [-1.3, 69.7, -20.2], "size": [2.6, 3, 3.9], "pivot": [0, 73.1, -19.5], "rotation": [-25, 0, 0], "uv": [14, 96]},
						{"origin": [-1.3, 63.6, -31.6], "size": [2.6, 3.4, 4.5], "pivot": [0, 67.7, -30.2], "rotation": [-150, 0, 0], "uv": [102, 13]},
						{"origin": [-1.3, 61.7, -34.7], "size": [2.6, 3.6, 4.6], "pivot": [0, 65.8, -33.3], "rotation": [-142.5, 0, 0], "uv": [116, 59]},
						{"origin": [-1.7, 62.9, -35.4], "size": [3.4, 3.5, 3.2], "pivot": [0, 65.4, -35.4], "rotation": [45, 0, 0], "uv": [66, 89]},
						{"origin": [-1.9, 64, -36.2], "size": [3.8, 1.5, 2.2], "pivot": [0, 64, -37.5], "rotation": [20, 0, 0], "uv": [50, 17]},
						{"origin": [-2.1, 60.4, -34.8], "size": [4.2, 6, 3.2], "pivot": [0, 65.4, -34.8], "rotation": [-1.5, 0, 0], "uv": [45, 0]},
						{"origin": [-1.9, 60.4, -36.4], "size": [3.8, 5.1, 1.9], "uv": [20, 79]},
						{"origin": [-1.8, 61.6, -38.6], "size": [3.6, 2.6, 2], "pivot": [0, 64.7, -39.9], "rotation": [25, 0, 0], "uv": [0, 46]},
						{"origin": [-1.8, 60.5, -37.9], "size": [3.6, 3, 1.9], "uv": [91, 97]},
						{"origin": [-1.7, 60.7, -39.3], "size": [3.4, 4.2, 2.1], "pivot": [0, 64.8, -40.6], "rotation": [-5, 0, 0], "uv": [59, 124]},
						{"origin": [-1.3, 59.4, -37.1], "size": [2.6, 2.2, 4.9], "pivot": [0, 63.5, -36.2], "rotation": [-137.5, 0, 0], "uv": [46, 85]},
						{"origin": [-1.4, 60.2, -35.1], "size": [2.8, 3.1, 1], "pivot": [0, 64.4, -37.2], "rotation": [-110, 0, 0], "uv": [25, 0]},
						{"origin": [-1.5, 61.6, -36.2], "size": [3, 3, 1], "pivot": [0, 65.7, -38.4], "rotation": [-82.5, 0, 0], "uv": [95, 36]},
						{"origin": [-1.6, 61.3, -36.6], "size": [3.2, 3, 1], "pivot": [0, 65.4, -38.8], "rotation": [-72.5, 0, 0], "uv": [96, 13]},
						{"origin": [-1.5, 61.5, -39.7], "size": [3, 1.2, 1.9], "pivot": [0, 65.6, -41], "rotation": [-22.5, 0, 0], "uv": [25, 9]}
					]
				},
				{
					"name": "bone",
					"parent": "bone21",
					"pivot": [7, 0, 0]
				},
				{
					"name": "bone22",
					"parent": "bone",
					"pivot": [7, 22.5, -0.2],
					"cubes": [
						{"origin": [3, 21.5, -2.7], "size": [4, 15, 6.7], "pivot": [7, 21.5, -1], "rotation": [-22.5, 0, 0], "uv": [0, 96]},
						{"origin": [3.1, 22.5, -0.8], "size": [3.8, 14.5, 6.6], "pivot": [7, 22.5, -0.2], "rotation": [-42.5, 0, 0], "uv": [102, 36]}
					]
				},
				{
					"name": "bone23",
					"parent": "bone22",
					"pivot": [7, 8.9, 2.3],
					"cubes": [
						{"origin": [3.2, 13.9, 3.5], "size": [3.6, 10.2, 4.7], "pivot": [7, 8.9, 5.2], "rotation": [25, 0, 0], "uv": [84, 124]},
						{"origin": [3.3, 14.9, 1.6], "size": [3.4, 9.2, 3.7], "pivot": [7, 8.9, 2.3], "rotation": [-2.5, 0, 0], "uv": [48, 133]}
					]
				},
				{
					"name": "bone24",
					"parent": "bone23",
					"pivot": [7, 8.9, 2.3],
					"cubes": [
						{"origin": [3.4, 8.4, 9.8], "size": [3.2, 8.3, 4.5], "pivot": [7, 1.5, 11.5], "rotation": [35, 0, 0], "uv": [124, 0]}
					]
				},
				{
					"name": "bone25",
					"parent": "bone24",
					"pivot": [7, 1.5, 11.5],
					"cubes": [
						{"origin": [3.5, 1.6, 6.2], "size": [3, 7.2, 3.6], "uv": [12, 134]}
					]
				},
				{
					"name": "bone26",
					"parent": "bone25",
					"pivot": [7, -8.3, 7.9],
					"cubes": [
						{"origin": [3.4, -0.4, 1.2], "size": [3.2, 3.2, 8.6], "uv": [114, 28]}
					]
				},
				{
					"name": "bone2",
					"parent": "bone21",
					"pivot": [-3, 0, 0]
				},
				{
					"name": "bone27",
					"parent": "bone2",
					"pivot": [-3, 22.5, -0.2],
					"cubes": [
						{"origin": [-6.9, 22.5, -0.8], "size": [3.8, 14.5, 6.6], "pivot": [-3, 22.5, -0.2], "rotation": [-42.5, 0, 0], "uv": [20, 101]},
						{"origin": [-7, 21.5, -2.7], "size": [4, 15, 6.7], "pivot": [-3, 21.5, -1], "rotation": [-22.5, 0, 0], "uv": [52, 89]}
					]
				},
				{
					"name": "bone28",
					"parent": "bone27",
					"pivot": [-3, 8.9, 2.3],
					"cubes": [
						{"origin": [-6.8, 13.9, 3.5], "size": [3.6, 10.2, 4.7], "pivot": [-3, 8.9, 5.2], "rotation": [25, 0, 0], "uv": [34, 123]},
						{"origin": [-6.7, 14.9, 1.6], "size": [3.4, 9.2, 3.7], "pivot": [-3, 8.9, 2.3], "rotation": [-2.5, 0, 0], "uv": [0, 131]}
					]
				},
				{
					"name": "bone29",
					"parent": "bone28",
					"pivot": [-3, 8.9, 2.3],
					"cubes": [
						{"origin": [-6.6, 8.4, 9.8], "size": [3.2, 8.3, 4.5], "pivot": [-3, 1.5, 11.5], "rotation": [35, 0, 0], "uv": [98, 124]}
					]
				},
				{
					"name": "bone30",
					"parent": "bone29",
					"pivot": [-3, 1.5, 11.5],
					"cubes": [
						{"origin": [-6.5, 1.6, 6.2], "size": [3, 7.2, 3.6], "uv": [133, 56]}
					]
				},
				{
					"name": "bone31",
					"parent": "bone30",
					"pivot": [-3, -8.3, 7.9],
					"cubes": [
						{"origin": [-6.6, -0.4, 1.2], "size": [3.2, 3.2, 8.6], "uv": [112, 48]}
					]
				}
			]
		}
	]
}