{
	"format_version": "1.12.0",
	"minecraft:geometry": [
		{
			"description": {
				"identifier": "geometry.parad",
				"texture_width": 128,
				"texture_height": 128,
				"visible_bounds_width": 9,
				"visible_bounds_height": 3.5,
				"visible_bounds_offset": [0, 1.25, 0]
			},
			"bones": [
				{
					"name": "bone",
					"pivot": [0, 0, 0]
				},
				{
					"name": "bone12",
					"parent": "bone",
					"pivot": [-9.5, -4.2, 6.6],
					"cubes": [
						{"origin": [-6.5, 16.5, -9.1], "size": [3, 12.6, 7.6], "pivot": [-9.5, -4.2, 6.6], "rotation": [-24, 0, 0], "uv": [83, 48]},
						{"origin": [-6.6, 16.6, 3.5], "size": [3.2, 15.8, 7.3], "pivot": [-9.5, -4.2, 6.6], "rotation": [8, 0, 0], "uv": [52, 75]}
					]
				},
				{
					"name": "bone13",
					"parent": "bone12",
					"pivot": [-9.5, -4.2, 6.6],
					"cubes": [
						{"origin": [-6.5, 7.8, 11.8], "size": [3, 8.5, 5.2], "pivot": [-9.5, -4.2, 6.6], "rotation": [30.5, 0, 0], "uv": [53, 107]},
						{"origin": [-6.4, 11.1, 8.1], "size": [2.8, 5.2, 5.2], "pivot": [-9.5, -4.2, 6.6], "rotation": [15.5, 0, 0], "uv": [0, 33]}
					]
				},
				{
					"name": "bone14",
					"parent": "bone13",
					"pivot": [-9.5, -4.2, 6.6],
					"cubes": [
						{"origin": [-6.4, 1.5, 2.1], "size": [2.8, 10.1, 3.9], "pivot": [-9.5, -4.2, 6.6], "rotation": [-12.5, 0, 0], "uv": [36, 0]}
					]
				},
				{
					"name": "bone15",
					"parent": "bone14",
					"pivot": [-9.5, -4.2, 6.6],
					"cubes": [
						{"origin": [-6.6, 0.1, -0.2], "size": [3.1, 2.2, 7.4], "uv": [106, 36]}
					]
				},
				{
					"name": "bone16",
					"parent": "bone15",
					"pivot": [-6.9, -4.2, 6.6],
					"rotation": [0, -12.5, 0],
					"cubes": [
						{"origin": [-5, 2.7, 0.2], "size": [1, 1, 1.4], "uv": [46, 9]},
						{"origin": [-5.1, -1.1, -1.8], "size": [1.2, 1.1, 1.4], "pivot": [-6.9, -4.2, 6.6], "rotation": [-31, 0, 0], "uv": [54, 17]},
						{"origin": [-5.2, -1.3, -0.5], "size": [1.4, 1.4, 2.5], "pivot": [-6.9, -4.2, 6.6], "rotation": [-31, 0, 0], "uv": [44, 11]}
					]
				},
				{
					"name": "bone3",
					"parent": "bone",
					"pivot": [2.1, -4.2, 7.2]
				},
				{
					"name": "bone6",
					"parent": "bone3",
					"pivot": [2.1, -4.2, 7.2]
				},
				{
					"name": "bone8",
					"parent": "bone6",
					"pivot": [2.1, -4.2, 7.2],
					"cubes": [
						{"origin": [3.4, 16.6, 3.5], "size": [3.2, 15.8, 7.3], "pivot": [0.5, -4.2, 6.6], "rotation": [8, 0, 0], "uv": [72, 75]},
						{"origin": [3.5, 16.5, -9.1], "size": [3, 12.6, 7.6], "pivot": [0.5, -4.2, 6.6], "rotation": [-24, 0, 0], "uv": [0, 87]}
					]
				},
				{
					"name": "bone9",
					"parent": "bone8",
					"pivot": [2.1, -4.2, 7.2],
					"cubes": [
						{"origin": [3.5, 7.8, 11.8], "size": [3, 8.5, 5.2], "pivot": [0.5, -4.2, 6.6], "rotation": [30.5, 0, 0], "uv": [69, 108]},
						{"origin": [3.6, 11.1, 8.1], "size": [2.8, 5.2, 5.2], "pivot": [0.5, -4.2, 6.6], "rotation": [15.5, 0, 0], "uv": [30, 33]}
					]
				},
				{
					"name": "bone10",
					"parent": "bone9",
					"pivot": [0.5, -4.2, 6.6],
					"cubes": [
						{"origin": [3.6, 1.5, 2.1], "size": [2.8, 10.1, 3.9], "pivot": [0.5, -4.2, 6.6], "rotation": [-12.5, 0, 0], "uv": [112, 112]}
					]
				},
				{
					"name": "bone11",
					"parent": "bone10",
					"pivot": [2.1, -4.2, 7.2],
					"cubes": [
						{"origin": [3.4, 0.1, -0.2], "size": [3.1, 2.2, 7.4], "uv": [0, 108]}
					]
				},
				{
					"name": "bone17",
					"parent": "bone11",
					"pivot": [2.2, -4.2, 7.2],
					"rotation": [0, 12.5, 0],
					"cubes": [
						{"origin": [4.1, 2.7, 0.8], "size": [1, 1, 1.4], "uv": [54, 38]},
						{"origin": [3.9, -1.3, 0.1], "size": [1.4, 1.4, 2.5], "pivot": [2.2, -4.2, 7.2], "rotation": [-31, 0, 0], "uv": [44, 38]},
						{"origin": [4, -1.1, -1.2], "size": [1.2, 1.1, 1.4], "pivot": [2.2, -4.2, 7.2], "rotation": [-31, 0, 0], "uv": [7, 55]}
					]
				},
				{
					"name": "bone5",
					"parent": "bone",
					"pivot": [0, 31.5, -1.7],
					"cubes": [
						{"origin": [-4.3, 24.4, -0.9], "size": [8.6, 6.1, 5.2], "pivot": [0.5, -5, 0], "rotation": [35, 0, 0], "uv": [91, 8]},
						{"origin": [-4.5, 23, -22.3], "size": [9, 10.5, 11.4], "uv": [0, 55]},
						{"origin": [-4.3, 34.1, 1.7], "size": [8.6, 6.1, 5.5], "pivot": [0.5, -5, 0], "rotation": [25, 0, 0], "uv": [87, 92]},
						{"origin": [-4.2, 34.9, 5.7], "size": [8.4, 3.8, 5.8], "pivot": [0.5, -5, 0], "rotation": [37.5, 0, 0], "uv": [100, 28]},
						{"origin": [-4.4, 34.1, -8.7], "size": [8.8, 5.9, 5.8], "pivot": [0.5, -5, 0], "rotation": [5, 0, 0], "uv": [46, 97]},
						{"origin": [-4.5, 35.3, -5.1], "size": [9, 4.4, 5.8], "pivot": [0.5, -5, 0], "rotation": [2.5, 0, 0], "uv": [91, 70]},
						{"origin": [-4.6, 20.8, -11], "size": [9.2, 15, 18.2], "uv": [0, 0]},
						{"origin": [-4.4, -11.4, 24.5], "size": [8.8, 4.8, 5.3], "pivot": [0.5, -5, 0], "rotation": [112.5, 0, 0], "uv": [98, 19]},
						{"origin": [-4.5, -3.9, 24.9], "size": [9, 3, 5.5], "pivot": [0.5, -5, 0], "rotation": [90, 0, 0], "uv": [86, 0]},
						{"origin": [-4.4, 2, 21.9], "size": [8.8, 5, 5.7], "pivot": [0.5, -5, 0], "rotation": [65, 0, 0], "uv": [96, 45]},
						{"origin": [-4.3, -1.6, 24.2], "size": [8.6, 6.8, 6], "pivot": [0.5, -5, 0], "rotation": [100, 0, 0], "uv": [24, 81]},
						{"origin": [-4.4, 16.9, 14], "size": [8.8, 4.6, 7.5], "pivot": [0.5, -5, 0], "rotation": [65, 0, 0], "uv": [0, 76]},
						{"origin": [-4.3, -20.2, 21], "size": [8.6, 5.4, 5.7], "pivot": [0.5, -5, 0], "rotation": [107.5, 0, 0], "uv": [20, 93]},
						{"origin": [-4.4, 33.2, -12.8], "size": [8.8, 4.7, 9.6], "pivot": [0.5, -5, 0], "rotation": [-15, 0, 0], "uv": [61, 0]}
					]
				},
				{
					"name": "bone25",
					"parent": "bone5",
					"pivot": [0, 27.9, -12.6],
					"cubes": [
						{"origin": [4.3, 17.4, -21.2], "size": [2, 5.8, 2.4], "pivot": [2.4, 8.4, -23.2], "rotation": [-40, 0, 0], "uv": [61, 0]},
						{"origin": [4.8, 15.4, -8.7], "size": [2.4, 8, 3], "pivot": [3, 8.4, -10.7], "rotation": [35, 0, -5], "uv": [43, 113]},
						{"origin": [4, 11.3, -15.9], "size": [2.6, 2.8, 2.3], "uv": [23, 77]},
						{"origin": [9, 12.7, -3.5], "size": [1.2, 3.2, 1.2], "pivot": [6.2, 1.7, -5.9], "rotation": [52.5, 0, -20], "uv": [46, 5]},
						{"origin": [9.1, 10.7, -3.4], "size": [1, 4.2, 1], "pivot": [6.2, 1.7, -5.9], "rotation": [52.5, 0, -20], "uv": [46, 0]},
						{"origin": [4.8, 10.8, -3.5], "size": [1, 2.7, 1], "pivot": [1.9, 1.8, -6], "rotation": [52.5, 0, 0], "uv": [50, 38]},
						{"origin": [4.7, 12.8, -3.6], "size": [1.2, 1.7, 1.2], "pivot": [1.9, 1.8, -6], "rotation": [52.5, 0, 0], "uv": [40, 13]},
						{"origin": [0.7, 15.1, -3.5], "size": [1.2, 3.2, 1.2], "pivot": [-2.1, 4.1, -5.9], "rotation": [52.5, 0, 20], "uv": [0, 76]},
						{"origin": [0.8, 13.1, -3.4], "size": [1, 4.2, 1], "pivot": [-2.1, 4.1, -5.9], "rotation": [52.5, 0, 20], "uv": [30, 33]},
						{"origin": [-6.6, 11.4, -15.8], "size": [2.6, 2.8, 2.3], "uv": [48, 72]},
						{"origin": [-1.5, 10.8, -3.3], "size": [1, 4.2, 1], "pivot": [-4.4, 1.8, -5.8], "rotation": [52.5, 0, -20], "uv": [9, 33]},
						{"origin": [-5.9, 12.9, -3.5], "size": [1.2, 1.7, 1.2], "pivot": [-8.7, 1.9, -5.9], "rotation": [52.5, 0, 0], "uv": [36, 13]},
						{"origin": [-5.8, 10.9, -3.4], "size": [1, 2.7, 1], "pivot": [-8.7, 1.9, -5.9], "rotation": [52.5, 0, 0], "uv": [39, 43]},
						{"origin": [-1.6, 12.8, -3.4], "size": [1.2, 3.2, 1.2], "pivot": [-4.4, 1.8, -5.8], "rotation": [52.5, 0, -20], "uv": [0, 0]},
						{"origin": [-9.9, 15.2, -3.4], "size": [1.2, 3.2, 1.2], "pivot": [-12.7, 4.2, -5.8], "rotation": [52.5, 0, 20], "uv": [14, 0]},
						{"origin": [-9.8, 13.2, -3.3], "size": [1, 4.2, 1], "pivot": [-12.7, 4.2, -5.8], "rotation": [52.5, 0, 20], "uv": [0, 33]},
						{"origin": [-6.3, 17.5, -21.1], "size": [2, 5.8, 2.4], "pivot": [-8.2, 8.5, -23.1], "rotation": [-40, 0, 0], "uv": [58, 38]},
						{"origin": [-7.2, 16.4, -8.7], "size": [2.4, 8, 3], "pivot": [-9, 9.4, -10.7], "rotation": [35, 0, 5], "uv": [0, 55]}
					]
				},
				{
					"name": "bone18",
					"parent": "bone5",
					"pivot": [0, -5, -13],
					"cubes": [
						{"origin": [-2.7, 20.3, -26.9], "size": [5.4, 9.9, 4.3], "pivot": [0, -5, 3], "rotation": [-7.5, 0, 0], "uv": [94, 103]},
						{"origin": [-2.8, 11.8, -36.5], "size": [5.6, 10, 4.5], "pivot": [0, -5, 3], "rotation": [-22.5, 0, 0], "uv": [0, 0]},
						{"origin": [-2.7, -4.6, -47.3], "size": [5.4, 5.3, 7.4], "pivot": [0, -5, 3], "rotation": [-45, 0, 0], "uv": [92, 79]},
						{"origin": [-2.9, -4.9, -48.6], "size": [5.8, 5.4, 7.1], "pivot": [0, -5, 3], "rotation": [-50, 0, 0], "uv": [48, 60]},
						{"origin": [-3, 30.7, -32.3], "size": [6, 7.4, 6.6], "uv": [82, 32]}
					]
				},
				{
					"name": "bone19",
					"parent": "bone18",
					"pivot": [0, -5, -13],
					"cubes": [
						{"origin": [-2.1, 39.8, -35.3], "size": [4.2, 3.5, 11.1], "pivot": [0, -5, 3], "rotation": [10, 0, 0], "uv": [29, 65]},
						{"origin": [-1.9, 19.4, -53.7], "size": [3.8, 3.2, 3.1], "pivot": [0, -5, 3], "rotation": [-15, 0, 0], "uv": [65, 75]},
						{"origin": [-1.7, -17.8, -58.9], "size": [3.4, 5.8, 3.6], "pivot": [0, -5, 3], "rotation": [-52.5, 0, 0], "uv": [17, 115]},
						{"origin": [-1.8, -20, -57.5], "size": [3.6, 5.4, 5.3], "pivot": [0, -5, 3], "rotation": [-60, 0, 0], "uv": [109, 55]},
						{"origin": [-1.9, -22.4, -55.7], "size": [3.8, 5.4, 7.6], "pivot": [0, -5, 3], "rotation": [-67.5, 0, 0], "uv": [13, 103]},
						{"origin": [-1.8, -31.8, -50.5], "size": [3.6, 5.2, 4.5], "pivot": [0, -5, 3], "rotation": [-82.5, 0, 0], "uv": [112, 87]},
						{"origin": [-1.7, -35.6, -45.9], "size": [3.4, 5.4, 4.4], "pivot": [0, -5, 3], "rotation": [-92.5, 0, 0], "uv": [112, 4]},
						{"origin": [-1.6, -40.2, -39.2], "size": [3.2, 4.8, 4.3], "pivot": [0, -5, 3], "rotation": [-105, 0, 0], "uv": [29, 113]},
						{"origin": [-1.5, -46.6, -28.1], "size": [3, 4.8, 4.3], "pivot": [0, -5, 3], "rotation": [-122.5, 0, 0], "uv": [109, 99]},
						{"origin": [-1.6, -1.4, -52.6], "size": [3.2, 6.3, 3.7], "pivot": [0, -5, 3], "rotation": [-50, 0, 0], "uv": [85, 113]},
						{"origin": [-1.8, 37.8, -36.6], "size": [0, 5.2, 12.4], "pivot": [0, -5, 3], "rotation": [10, 0, 0], "uv": [29, 48]},
						{"origin": [-2, 44.8, -18.4], "size": [4, 1.2, 3.7], "pivot": [0, -6.5, 3], "rotation": [22.5, 0, 0], "uv": [0, 43]},
						{"origin": [-1.9, 31, -41.6], "size": [3.8, 1.2, 3.6], "pivot": [0, -6.5, 3], "rotation": [-2.5, 0, 0], "uv": [76, 13]},
						{"origin": [1.8, 37.8, -36.6], "size": [0, 5.2, 12.4], "pivot": [0, -5, 3], "rotation": [10, 0, 0], "uv": [29, 48]}
					]
				},
				{
					"name": "bone7",
					"parent": "bone19",
					"pivot": [0, 10.3, 7.8],
					"rotation": [17, 0, 0],
					"cubes": [
						{"origin": [-1.6, 47.90076, -20.68726], "size": [0, 5.2, 3.4], "pivot": [0, 10.3, 7.8], "rotation": [9, 0, 0], "uv": [68, 14]},
						{"origin": [1.6, 47.90076, -20.68726], "size": [0, 5.2, 3.4], "pivot": [0, 10.3, 7.8], "rotation": [9, 0, 0], "uv": [65, 57]}
					]
				},
				{
					"name": "bone2",
					"parent": "bone18",
					"pivot": [0, -7.5, -24.2],
					"rotation": [-16, 0, 0],
					"cubes": [
						{"origin": [-1.7, 30.58, -40.7897], "size": [3.4, 3.5, 8.3], "pivot": [0, -7.8, -24.4], "rotation": [15, 0, 0], "uv": [72, 97]},
						{"origin": [-1.6, 30.18464, -47.53887], "size": [3.2, 2.3, 3.5], "pivot": [0, -7.8, -24.4], "rotation": [10, 0, 0], "uv": [82, 67]},
						{"origin": [1.5, 30.18464, -47.43887], "size": [0, 3.4, 8.5], "pivot": [0, -7.8, -24.4], "rotation": [10, 0, 0], "uv": [0, 6]},
						{"origin": [-1.5, 30.18464, -47.43887], "size": [0, 3.4, 8.5], "pivot": [0, -7.8, -24.4], "rotation": [10, 0, 0], "uv": [0, 6]},
						{"origin": [-1.5, 21.4279, -57.89453], "size": [3, 1.9, 3.7], "pivot": [0, -7.8, -24.4], "rotation": [-7.5, 0, 0], "uv": [30, 43]}
					]
				},
				{
					"name": "bone4",
					"parent": "bone5",
					"pivot": [0.5, -5, 0],
					"cubes": [
						{"origin": [-4.3, 29.6, 0.2], "size": [8.6, 8.4, 14.7], "pivot": [0.5, -5, 0], "rotation": [-10, 0, 0], "uv": [0, 33]},
						{"origin": [-4.1, 18.6, 19.1], "size": [8.2, 9, 8.9], "pivot": [0.5, -5, 0], "rotation": [15, 0, 0], "uv": [58, 38]},
						{"origin": [-4.2, 11.5, 19.9], "size": [8.4, 8.3, 7.7], "pivot": [0.5, -5, 0], "rotation": [32.5, 0, 0], "uv": [68, 17]}
					]
				},
				{
					"name": "bone20",
					"parent": "bone4",
					"pivot": [0.5, -5, 0],
					"cubes": [
						{"origin": [-3.6, 21, 25.4], "size": [7.2, 5.1, 14.9], "pivot": [0.5, -5, 0], "rotation": [10, 0, 0], "uv": [40, 19]},
						{"origin": [-3.7, 31.4, 17.4], "size": [7.4, 5.1, 14.7], "pivot": [0.5, -5, 0], "rotation": [-5, 0, 0], "uv": [30, 41]}
					]
				},
				{
					"name": "bone21",
					"parent": "bone20",
					"pivot": [0.5, -5, 0],
					"cubes": [
						{"origin": [-2.6, 35.2, 28.3], "size": [5.2, 3.9, 14.3], "pivot": [0.5, -5, 0], "rotation": [-10, 0, 0], "uv": [58, 58]},
						{"origin": [-2.5, 27.7, 31], "size": [5, 2.8, 15.2], "uv": [36, 0]}
					]
				},
				{
					"name": "bone22",
					"parent": "bone21",
					"pivot": [0.5, -5, 0],
					"cubes": [
						{"origin": [-1.6, 36.2, 41.9], "size": [3.2, 2.8, 9.9], "pivot": [0.5, -5, 0], "rotation": [-10, 0, 0], "uv": [94, 58]},
						{"origin": [-1.3, 27.3, 48.9], "size": [3, 1.7, 5.3], "uv": [109, 79]}
					]
				},
				{
					"name": "bone23",
					"parent": "bone22",
					"pivot": [0.5, -5, 0],
					"cubes": [
						{"origin": [-1, 36.2, 51.7], "size": [2, 2.7, 8.1], "pivot": [0.5, -5, 0], "rotation": [-10, 0, 0], "uv": [33, 103]}
					]
				}
			]
		}
	]
}