{
	"format_version": "1.12.0",
	"minecraft:geometry": [
		{
			"description": {
				"identifier": "geometry.rf",
				"texture_width": 64,
				"texture_height": 64,
				"visible_bounds_width": 2,
				"visible_bounds_height": 2.5,
				"visible_bounds_offset": [0, 0.75, 0]
			},
			"bones": [
				{
					"name": "Body",
					"pivot": [0, 0, 0]
				},
				{
					"name": "Body1",
					"parent": "Body",
					"pivot": [0, 4.5, 1],
					"cubes": [
						{"origin": [-4, 2, -5.25], "size": [8, 5, 11], "pivot": [-1, 0, 0], "rotation": [-10, 0, 0], "uv": [0, 0]},
						{"origin": [-3.5, 2.5, 5.75], "size": [7, 4, 1], "pivot": [-1.5, 0, 0], "rotation": [-10, 0, 0], "uv": [18, 18]}
					]
				},
				{
					"name": "Arm1",
					"parent": "Body1",
					"pivot": [-4, 4.5, -4],
					"cubes": [
						{"origin": [-8, 3, -4.5], "size": [5, 2, 2], "pivot": [-4, 4.5, -4], "rotation": [0, -15, -70], "uv": [27, 4]}
					]
				},
				{
					"name": "bone5",
					"parent": "Arm1",
					"pivot": [-4.25, 0, -4],
					"rotation": [0, -22.5, 0],
					"cubes": [
						{"origin": [-6.25, -0.1, -5.75], "size": [2.5, 1.2, 2], "uv": [22, 23]}
					]
				},
				{
					"name": "bone6",
					"parent": "bone5",
					"pivot": [-4.25, 0, -5.5],
					"cubes": [
						{"origin": [-5.25, 0, -7.75], "size": [1, 1.05, 2], "uv": [20, 33]},
						{"origin": [-3.95, 0, -5.75], "size": [1, 1, 2], "pivot": [-1.25, 0, -5.75], "rotation": [0, -32.5, 0], "uv": [12, 33]},
						{"origin": [-5.5, 0, -9.5], "size": [1, 1, 2], "pivot": [-1.25, 0, -5.75], "rotation": [0, 32.5, 0], "uv": [6, 33]}
					]
				},
				{
					"name": "Arm2",
					"parent": "Body1",
					"pivot": [4, 4.5, -4],
					"cubes": [
						{"origin": [3, 3, -4.5], "size": [5, 2, 2], "pivot": [4, 4.5, -4], "rotation": [0, 15, 70], "uv": [27, 0]}
					]
				},
				{
					"name": "bone7",
					"parent": "Arm2",
					"pivot": [4.25, 0, -4],
					"rotation": [0, 22.5, 0],
					"cubes": [
						{"origin": [3.75, -0.1, -5.75], "size": [2.5, 1.2, 2], "uv": [0, 8]}
					]
				},
				{
					"name": "bone8",
					"parent": "bone7",
					"pivot": [4.25, 0, -5.5],
					"cubes": [
						{"origin": [4.25, 0, -7.75], "size": [1, 1.05, 2], "uv": [0, 33]},
						{"origin": [2.95, 0, -5.75], "size": [1, 1, 2], "pivot": [1.25, 0, -5.75], "rotation": [0, 32.5, 0], "uv": [32, 32]},
						{"origin": [4.5, 0, -9.5], "size": [1, 1, 2], "pivot": [1.25, 0, -5.75], "rotation": [0, -32.5, 0], "uv": [16, 31]}
					]
				},
				{
					"name": "Neck",
					"parent": "Body1",
					"pivot": [-0.5, 4.5, 1],
					"cubes": [
						{"origin": [-2.5, 3.5, -6], "size": [5, 4, 2], "pivot": [-0.5, 4.5, 1], "rotation": [-2.5, 0, 0], "uv": [0, 23]}
					]
				},
				{
					"name": "Head",
					"parent": "Neck",
					"pivot": [-0.5, 4.5, 1],
					"cubes": [
						{"origin": [-3, 3.5, -9], "size": [6, 4.5, 3.5], "uv": [0, 16]},
						{"origin": [-5, 6.25, -8], "size": [2, 1.5, 1.5], "pivot": [-0.5, 4.5, 1], "rotation": [0, -7.5, 10], "uv": [21, 16]},
						{"origin": [3, 6.25, -8], "size": [2, 1.5, 1.5], "pivot": [0.5, 4.5, 1], "rotation": [0, 7.5, -10], "uv": [15, 16]},
						{"origin": [-2.05, 4, -11.5], "size": [4.1, 2.5, 2.5], "uv": [30, 23]},
						{"origin": [-2, 11, -6.85], "size": [4, 2.5, 2.5], "pivot": [-0.5, 4.5, 1], "rotation": [40, 0, 0], "uv": [0, 29]}
					]
				},
				{
					"name": "Leg1",
					"parent": "Body",
					"pivot": [-4.5, 0, 5],
					"cubes": [
						{"origin": [-5.6, -1, 2], "size": [2.2, 3, 4], "pivot": [-1, 0, 0], "rotation": [27.5, 0, 0], "uv": [22, 26]}
					]
				},
				{
					"name": "bone",
					"parent": "Leg1",
					"pivot": [-4, 0, 1.75],
					"cubes": [
						{"origin": [-5.5, -0.1, 0], "size": [2, 1.2, 3], "uv": [0, 4]}
					]
				},
				{
					"name": "bone2",
					"parent": "bone",
					"pivot": [-4, 0, 0.25],
					"cubes": [
						{"origin": [-5, 0, -2], "size": [1, 1.05, 2], "uv": [33, 16]},
						{"origin": [-3.7, 0, 0], "size": [1, 1, 2], "pivot": [-1, 0, 0], "rotation": [0, -32.5, 0], "uv": [26, 33]},
						{"origin": [-5.25, 0, -3.75], "size": [1, 1, 2], "pivot": [-1, 0, 0], "rotation": [0, 32.5, 0], "uv": [33, 8]}
					]
				},
				{
					"name": "Leg2",
					"parent": "Body",
					"pivot": [4.5, 0, 5],
					"cubes": [
						{"origin": [3.4, -1, 2], "size": [2.2, 3, 4], "pivot": [1, 0, 0], "rotation": [27.5, 0, 0], "uv": [14, 23]}
					]
				},
				{
					"name": "bone3",
					"parent": "Leg2",
					"pivot": [4, 0, 1.75],
					"cubes": [
						{"origin": [3.5, -0.1, 0], "size": [2, 1.2, 3], "uv": [0, 0]}
					]
				},
				{
					"name": "bone4",
					"parent": "bone3",
					"pivot": [4, 0, 0.25],
					"cubes": [
						{"origin": [4, 0, -2], "size": [1, 1.05, 2], "uv": [30, 27]},
						{"origin": [2.7, 0, 0], "size": [1, 1, 2], "pivot": [1, 0, 0], "rotation": [0, 32.5, 0], "uv": [12, 30]},
						{"origin": [4.25, 0, -3.75], "size": [1, 1, 2], "pivot": [1, 0, 0], "rotation": [0, -32.5, 0], "uv": [27, 8]}
					]
				}
			]
		}
	]
}