{
	"format_version": "1.10.0",
	"geometry.sinohead2": {
		"texturewidth": 256,
		"textureheight": 256,
		"visible_bounds_width": 5,
		"visible_bounds_height": 7.5,
		"visible_bounds_offset": [0, 3.25, 0],
		"bones": [
			{
				"name": "bone3",
				"pivot": [0, -4.4, -28.3],
				"rotation": [-22.5, 0, 0]
			},
			{
				"name": "bone2",
				"parent": "bone3",
				"pivot": [-7.7, 65.75973, -9.33681]
			},
			{
				"name": "bone24",
				"parent": "bone2",
				"pivot": [-4.8, 42.75973, -0.03681],
				"rotation": [55, 17.5, -30],
				"cubes": [
					{"origin": [-9.8, 40.35973, -10.73681], "size": [8, 3.9, 13.6], "uv": [72, 78]}
				]
			},
			{
				"name": "bone44",
				"parent": "bone2",
				"pivot": [-7.1, 42.75973, 4.26319],
				"rotation": [55, 17.5, 10],
				"cubes": [
					{"origin": [-11.1, 42.45973, -6.43681], "size": [7, 1.9, 8.6], "uv": [115, 104]}
				]
			},
			{
				"name": "bone34",
				"parent": "bone2",
				"pivot": [7.9, 42.75973, 4.26319],
				"rotation": [55, -17.5, -10],
				"cubes": [
					{"origin": [3.9, 42.45973, -6.43681], "size": [7, 1.9, 8.6], "uv": [0, 43]}
				]
			},
			{
				"name": "bone45",
				"parent": "bone2",
				"pivot": [-8.8, 50.75973, 2.96319],
				"rotation": [75, 17.5, -30],
				"cubes": [
					{"origin": [-13.4, 48.35973, -4.23681], "size": [12.4, 2.6, 8.3], "uv": [114, 14]}
				]
			},
			{
				"name": "bone35",
				"parent": "bone2",
				"pivot": [5.2, 49.75973, 1.76319],
				"rotation": [75, -17.5, 30],
				"cubes": [
					{"origin": [0.6, 47.35973, -5.43681], "size": [12.4, 2.6, 10.9], "uv": [79, 94]}
				]
			},
			{
				"name": "bone43",
				"parent": "bone2",
				"pivot": [-6.9, 67.55973, -10.03681],
				"rotation": [137.5, -20, 0],
				"cubes": [
					{"origin": [-7.9, 69.75973, -32.13681], "size": [8.7, 0, 17], "uv": [61, 0]}
				]
			},
			{
				"name": "bone36",
				"parent": "bone2",
				"pivot": [-0.1, 67.25973, -7.13681],
				"rotation": [137.5, 20, 0],
				"cubes": [
					{"origin": [-1.1, 69.45973, -29.23681], "size": [8.7, 0, 17], "uv": [16, 0]}
				]
			},
			{
				"name": "bone37",
				"parent": "bone2",
				"pivot": [8.3, 66.65973, -2.63681],
				"rotation": [142.5, 47.5, -20],
				"cubes": [
					{"origin": [8.2, 69.25973, -8.03681], "size": [7.3, 2, 11.8], "uv": [113, 113]},
					{"origin": [8.2, 70.25973, -8.03681], "size": [10.3, 0, 11.8], "uv": [0, 71]}
				]
			},
			{
				"name": "bone40",
				"parent": "bone2",
				"pivot": [-12.7, 65.65973, -9.63681],
				"rotation": [142.5, -47.5, 20],
				"cubes": [
					{"origin": [-15.8, 66.25973, -15.73681], "size": [10.8, 0, 12], "uv": [89, 73]},
					{"origin": [-12.8, 65.25973, -15.73681], "size": [7.8, 2, 12], "uv": [108, 0]}
				]
			},
			{
				"name": "bone41",
				"parent": "bone2",
				"pivot": [-7.7, 66.25973, -9.93681],
				"rotation": [137.5, -20, 0],
				"cubes": [
					{"origin": [-8.7, 64.85973, -15.53681], "size": [8.7, 3.3, 8.5], "uv": [0, 119]},
					{"origin": [-8.7, 67.15973, -15.53681], "size": [8.7, 0, 11.5], "uv": [92, 46]}
				]
			},
			{
				"name": "bone38",
				"parent": "bone2",
				"pivot": [0.9, 65.75973, -6.93681],
				"rotation": [137.5, 20, 0],
				"cubes": [
					{"origin": [-4, 64.35973, -11.93681], "size": [12.6, 3.2, 8.6], "uv": [113, 77]},
					{"origin": [-4, 66.55973, -11.93681], "size": [12.6, 0, 11.6], "uv": [38, 0]}
				]
			},
			{
				"name": "bone42",
				"parent": "bone2",
				"pivot": [-12.5, 44.05973, 6.26319],
				"rotation": [55, -15, 10],
				"cubes": [
					{"origin": [-14.6, 42.65973, -4.73681], "size": [2.1, 3, 8.9], "uv": [106, 132]},
					{"origin": [-17.6, 44.65973, -4.73681], "size": [4.1, 0, 7.9], "uv": [0, 7]}
				]
			},
			{
				"name": "bone32",
				"parent": "bone2",
				"pivot": [13.9, 44.65973, 5.96319],
				"rotation": [55, 15, -10],
				"cubes": [
					{"origin": [11.8, 43.25973, -5.03681], "size": [2.1, 3, 8.9], "uv": [42, 129]},
					{"origin": [11.8, 45.25973, -5.03681], "size": [5.1, 0, 7.9], "uv": [0, 0]}
				]
			},
			{
				"name": "bone46",
				"parent": "bone2",
				"pivot": [-13.8, 48.75973, 2.96319],
				"rotation": [75, 22.5, -30],
				"cubes": [
					{"origin": [-17.7, 44.35973, -4.23681], "size": [4.6, 4.6, 14], "uv": [105, 46]}
				]
			},
			{
				"name": "bone33",
				"parent": "bone2",
				"pivot": [14.2, 44.75973, 3.96319],
				"rotation": [75, -22.5, 30],
				"cubes": [
					{"origin": [10.3, 40.35973, -3.23681], "size": [4.6, 4.6, 14], "uv": [24, 105]}
				]
			},
			{
				"name": "bone39",
				"parent": "bone2",
				"pivot": [-11, 66.25973, -9.93681],
				"rotation": [137.5, -10, 0],
				"cubes": [
					{"origin": [-16.7, 62.85973, -32.33681], "size": [8.4, 5.6, 17.3], "uv": [0, 0]},
					{"origin": [-18.7, 67.45973, -32.33681], "size": [10.4, 0, 10.3], "uv": [73, 46]}
				]
			},
			{
				"name": "bone31",
				"parent": "bone2",
				"pivot": [13, 66.25973, -9.93681],
				"rotation": [137.5, 10, 0],
				"cubes": [
					{"origin": [7.3, 67.45973, -32.33681], "size": [10.4, 0, 10.3], "uv": [103, 94]},
					{"origin": [7.3, 63.85973, -32.33681], "size": [8.4, 4.6, 17.3], "uv": [0, 22]}
				]
			},
			{
				"name": "bone20",
				"parent": "bone2",
				"pivot": [14.2, 36.75973, 2.96319],
				"rotation": [55, -17.5, 30],
				"cubes": [
					{"origin": [-0.2, 34.35973, -7.73681], "size": [8, 3.9, 13.6], "uv": [76, 57]}
				]
			},
			{
				"name": "bone47",
				"parent": "bone2",
				"pivot": [12.1, 17.65973, -7.83681],
				"rotation": [27.5, 17.5, 42.5],
				"cubes": [
					{"origin": [-2.3, 17.25973, -12.53681], "size": [8, 2.9, 8.6], "uv": [121, 64]}
				]
			},
			{
				"name": "bone16",
				"parent": "bone2",
				"pivot": [2.7, 30.45973, -1.83681],
				"rotation": [27.5, -17.5, -42.5],
				"cubes": [
					{"origin": [-11.7, 30.05973, -6.53681], "size": [8, 2.9, 8.6], "uv": [114, 24]}
				]
			},
			{
				"name": "bone15",
				"parent": "bone2",
				"pivot": [0, 27.75973, 1.76319],
				"rotation": [5, 0, 0],
				"cubes": [
					{"origin": [-6.9, 16.75973, -6.63681], "size": [13.8, 12, 9.4], "uv": [41, 70]}
				]
			},
			{
				"name": "bone9",
				"parent": "bone2",
				"pivot": [0, 32.45973, -14.03681],
				"rotation": [32.5, 0, 0],
				"cubes": [
					{"origin": [-6.7, 21.65973, -22.33681], "size": [13.4, 12.3, 9.3], "uv": [79, 25]}
				]
			},
			{
				"name": "bone7",
				"parent": "bone2",
				"pivot": [0, 34.65973, -5.23681],
				"rotation": [12.5, 0, 0],
				"cubes": [
					{"origin": [-7, 23.25973, -13.93681], "size": [14, 12.9, 10.6], "uv": [40, 12]}
				]
			},
			{
				"name": "bone23",
				"parent": "bone2",
				"pivot": [0, 42.75973, -1.83681],
				"rotation": [55, 0, 0],
				"cubes": [
					{"origin": [-3.8, 41.35973, -12.53681], "size": [7.6, 2.9, 14.6], "uv": [80, 3]}
				]
			},
			{
				"name": "bone30",
				"parent": "bone2",
				"pivot": [0, 55.75973, 1.26319],
				"rotation": [82.5, 0, 0],
				"cubes": [
					{"origin": [-3.8, 54.35973, -9.43681], "size": [7.6, 2.9, 9.6], "uv": [88, 121]}
				]
			},
			{
				"name": "bone29",
				"parent": "bone2",
				"pivot": [0, 53.15973, 1.86319],
				"rotation": [-52.5, 0, 0],
				"cubes": [
					{"origin": [-3.8, 51.75973, -17.83681], "size": [7.6, 1.9, 18.6], "uv": [0, 52]}
				]
			},
			{
				"name": "bone19",
				"parent": "bone2",
				"pivot": [0, 38.35973, 4.86319],
				"rotation": [20, 0, 0],
				"cubes": [
					{"origin": [-6.6, 27.35973, -5.03681], "size": [13.2, 12.5, 6.1], "uv": [0, 101]}
				]
			},
			{
				"name": "bone8",
				"parent": "bone2",
				"pivot": [0, 27.55973, -20.93681],
				"rotation": [55, 0, 0],
				"cubes": [
					{"origin": [-6, 9.05973, -29.83681], "size": [12, 20, 9.9], "uv": [41, 41]}
				]
			},
			{
				"name": "bone25",
				"parent": "bone2",
				"pivot": [0, 30.55973, -21.83681],
				"rotation": [42.5, 0, 0],
				"cubes": [
					{"origin": [-3, 27.65973, -30.43681], "size": [6, 5, 7.7], "uv": [123, 34]}
				]
			},
			{
				"name": "bone27",
				"parent": "bone2",
				"pivot": [0, 32.05973, -22.23681],
				"rotation": [22.5, 0, 0],
				"cubes": [
					{"origin": [-2.7, 29.45973, -31.13681], "size": [5.4, 9.5, 2.9], "uv": [0, 22]}
				]
			},
			{
				"name": "bone28",
				"parent": "bone2",
				"pivot": [0, 37.15973, -22.23681],
				"rotation": [57.5, 0, 0],
				"cubes": [
					{"origin": [-2.4, 41.45973, -30.13681], "size": [4.8, 2, 2.6], "uv": [33, 34]},
					{"origin": [-2.6, 34.25973, -33.53681], "size": [5.2, 4.3, 6], "uv": [0, 130]},
					{"origin": [-2.5, 38.55973, -31.13681], "size": [5, 2.9, 3.6], "uv": [0, 33]}
				]
			},
			{
				"name": "bone26",
				"parent": "bone2",
				"pivot": [0, 32.55973, -21.83681],
				"rotation": [85, 0, 0],
				"cubes": [
					{"origin": [-2.7, 27.85973, -30.73681], "size": [5.4, 6.8, 8], "uv": [24, 123]}
				]
			},
			{
				"name": "bone21",
				"parent": "bone2",
				"pivot": [0, 39.55973, -7.83681],
				"rotation": [85, 0, 0],
				"cubes": [
					{"origin": [-1.5, 35.85973, -9.13681], "size": [3, 4.8, 1.4], "uv": [38, 43]}
				]
			},
			{
				"name": "bone18",
				"parent": "bone2",
				"pivot": [0, 37.25973, -10.43681],
				"rotation": [67.5, 0, 0],
				"cubes": [
					{"origin": [-1.5, 33.55973, -11.73681], "size": [3, 4.8, 1.4], "uv": [0, 43]}
				]
			},
			{
				"name": "bone22",
				"parent": "bone2",
				"pivot": [0, 38.55973, -7.53681],
				"rotation": [50, 0, 0],
				"cubes": [
					{"origin": [-1.5, 34.85973, -8.63681], "size": [3, 4.7, 1.2], "uv": [30, 43]}
				]
			},
			{
				"name": "bone17",
				"parent": "bone2",
				"pivot": [0, 36.35973, -10.43681],
				"rotation": [37.5, 0, 0],
				"cubes": [
					{"origin": [-1.5, 32.65973, -11.53681], "size": [3, 4.7, 1.5], "uv": [22, 43]}
				]
			},
			{
				"name": "bone12",
				"parent": "bone2",
				"pivot": [0, 27.55973, -13.83681],
				"rotation": [37.5, 0, 0],
				"cubes": [
					{"origin": [-5.9, 8.85973, -22.73681], "size": [11.8, 4.2, 9.9], "uv": [46, 105]}
				]
			},
			{
				"name": "bone14",
				"parent": "bone2",
				"pivot": [0, 31.95973, -2.73681],
				"rotation": [20, 0, 0],
				"cubes": [
					{"origin": [-6.5, 13.25973, -11.63681], "size": [13, 4.2, 9.9], "uv": [35, 92]}
				]
			},
			{
				"name": "bone10",
				"parent": "bone2",
				"pivot": [0, 21.05973, -24.73681],
				"rotation": [117.5, 0, 0],
				"cubes": [
					{"origin": [-5, 16.55973, -32.73681], "size": [10, 6.9, 9.2], "uv": [86, 106]}
				]
			},
			{
				"name": "bone11",
				"parent": "bone2",
				"pivot": [0, 19.85973, -21.33681],
				"rotation": [90, 0, 0],
				"cubes": [
					{"origin": [-5.1, 8.35973, -29.53681], "size": [10.2, 13.9, 4.2], "uv": [60, 118]}
				]
			},
			{
				"name": "bone",
				"parent": "bone2",
				"pivot": [0, 15.75973, -24.03681],
				"rotation": [127.5, 0, 0],
				"cubes": [
					{"origin": [-4, 9.05973, -31.13681], "size": [8, 8.8, 3.5], "uv": [127, 46]}
				]
			},
			{
				"name": "bone4",
				"parent": "bone2",
				"pivot": [0, 12.05973, -24.03681],
				"rotation": [157.5, 0, 0],
				"cubes": [
					{"origin": [-3.8, 5.35973, -31.93681], "size": [7.6, 8.6, 4.2], "uv": [120, 126]}
				]
			},
			{
				"name": "bone6",
				"parent": "bone2",
				"pivot": [0, 8.75973, -18.13681],
				"rotation": [-175, 0, 0],
				"cubes": [
					{"origin": [-3.9, 4.85973, -27.03681], "size": [7.8, 6.1, 3.8], "uv": [133, 88]}
				]
			},
			{
				"name": "bone5",
				"parent": "bone2",
				"pivot": [0, 11.15973, -22.23681],
				"rotation": [170, 0, 0],
				"cubes": [
					{"origin": [-3.7, 7.25973, -32.23681], "size": [7.4, 6.3, 4.9], "uv": [84, 132]}
				]
			},
			{
				"name": "bone13",
				"parent": "bone2",
				"pivot": [0, 25.15973, -9.33681],
				"rotation": [37.5, 0, 0],
				"cubes": [
					{"origin": [-6.6, 14.15973, -17.73681], "size": [13.2, 10.5, 9.4], "uv": [0, 82]}
				]
			},
			{
				"name": "bone48",
				"pivot": [0, 29, 0]
			}
		]
	}
}