{
	"format_version": "1.10.0",
	"geometry.sinohead": {
		"texturewidth": 256,
		"textureheight": 256,
		"visible_bounds_width": 5,
		"visible_bounds_height": 7.5,
		"visible_bounds_offset": [0, 3.25, 0],
		"bones": [
			{
				"name": "bone3",
				"pivot": [0, -4.4, -28.3],
				"rotation": [-22.5, 0, 0]
			},
			{
				"name": "bone2",
				"parent": "bone3",
				"pivot": [-7.7, 94.4, -21.2]
			},
			{
				"name": "bone24",
				"parent": "bone2",
				"pivot": [-4.8, 71.4, -11.9],
				"rotation": [55, 17.5, -30],
				"cubes": [
					{"origin": [-9.8, 69, -22.6], "size": [8, 3.9, 13.6], "uv": [31, 102]}
				]
			},
			{
				"name": "bone44",
				"parent": "bone2",
				"pivot": [-7.1, 71.4, -7.6],
				"rotation": [55, 17.5, 10],
				"cubes": [
					{"origin": [-11.1, 71.1, -18.3], "size": [7, 1.9, 8.6], "uv": [137, 122]}
				]
			},
			{
				"name": "bone34",
				"parent": "bone2",
				"pivot": [7.9, 71.4, -7.6],
				"rotation": [55, -17.5, -10],
				"cubes": [
					{"origin": [3.9, 71.1, -18.3], "size": [7, 1.9, 8.6], "uv": [137, 52]}
				]
			},
			{
				"name": "bone45",
				"parent": "bone2",
				"pivot": [-8.8, 79.4, -8.9],
				"rotation": [75, 17.5, -30],
				"cubes": [
					{"origin": [-13.4, 77, -16.1], "size": [12.4, 2.6, 8.3], "uv": [66, 130]}
				]
			},
			{
				"name": "bone35",
				"parent": "bone2",
				"pivot": [5.2, 78.4, -10.1],
				"rotation": [75, -17.5, 30],
				"cubes": [
					{"origin": [0.6, 76, -17.3], "size": [12.4, 2.6, 10.9], "uv": [109, 84]}
				]
			},
			{
				"name": "bone43",
				"parent": "bone2",
				"pivot": [-6.9, 96.2, -21.9],
				"rotation": [137.5, -20, 0],
				"cubes": [
					{"origin": [-7.9, 98.4, -44], "size": [8.7, 0, 17], "uv": [69, 52]}
				]
			},
			{
				"name": "bone36",
				"parent": "bone2",
				"pivot": [-0.1, 95.9, -19],
				"rotation": [137.5, 20, 0],
				"cubes": [
					{"origin": [-1.1, 98.1, -41.1], "size": [8.7, 0, 17], "uv": [36, 0]}
				]
			},
			{
				"name": "bone37",
				"parent": "bone2",
				"pivot": [8.3, 95.3, -14.5],
				"rotation": [142.5, 47.5, -20],
				"cubes": [
					{"origin": [8.2, 97.9, -19.9], "size": [7.3, 2, 11.8], "uv": [95, 130]},
					{"origin": [8.2, 98.9, -19.9], "size": [10.3, 0, 11.8], "uv": [101, 18]}
				]
			},
			{
				"name": "bone40",
				"parent": "bone2",
				"pivot": [-12.7, 94.3, -21.5],
				"rotation": [142.5, -47.5, 20],
				"cubes": [
					{"origin": [-15.8, 94.9, -27.6], "size": [10.8, 0, 12], "uv": [53, 53]},
					{"origin": [-12.8, 93.9, -27.6], "size": [7.8, 2, 12], "uv": [127, 18]}
				]
			},
			{
				"name": "bone41",
				"parent": "bone2",
				"pivot": [-7.7, 94.9, -21.8],
				"rotation": [137.5, -20, 0],
				"cubes": [
					{"origin": [-8.7, 93.5, -27.4], "size": [8.7, 3.3, 8.5], "uv": [0, 133]},
					{"origin": [-8.7, 95.8, -27.4], "size": [8.7, 0, 11.5], "uv": [123, 0]}
				]
			},
			{
				"name": "bone38",
				"parent": "bone2",
				"pivot": [0.9, 94.4, -18.8],
				"rotation": [137.5, 20, 0],
				"cubes": [
					{"origin": [-4, 93, -23.8], "size": [12.6, 3.2, 8.6], "uv": [129, 96]},
					{"origin": [-4, 95.2, -23.8], "size": [12.6, 0, 11.6], "uv": [51, 71]}
				]
			},
			{
				"name": "bone42",
				"parent": "bone2",
				"pivot": [-12.5, 72.7, -5.6],
				"rotation": [55, -15, 10],
				"cubes": [
					{"origin": [-14.6, 71.3, -16.6], "size": [2.1, 3, 8.9], "uv": [142, 3]},
					{"origin": [-17.6, 73.3, -16.6], "size": [4.1, 0, 7.9], "uv": [0, 7]}
				]
			},
			{
				"name": "bone32",
				"parent": "bone2",
				"pivot": [13.9, 73.3, -5.9],
				"rotation": [55, 15, -10],
				"cubes": [
					{"origin": [11.8, 71.9, -16.9], "size": [2.1, 3, 8.9], "uv": [0, 47]},
					{"origin": [11.8, 73.9, -16.9], "size": [5.1, 0, 7.9], "uv": [0, 0]}
				]
			},
			{
				"name": "bone46",
				"parent": "bone2",
				"pivot": [-13.8, 77.4, -8.9],
				"rotation": [75, 22.5, -30],
				"cubes": [
					{"origin": [-17.7, 73, -16.1], "size": [4.6, 4.6, 14], "uv": [0, 115]}
				]
			},
			{
				"name": "bone33",
				"parent": "bone2",
				"pivot": [14.2, 73.4, -7.9],
				"rotation": [75, -22.5, 30],
				"cubes": [
					{"origin": [10.3, 69, -15.1], "size": [4.6, 4.6, 14], "uv": [112, 0]}
				]
			},
			{
				"name": "bone39",
				"parent": "bone2",
				"pivot": [-11, 94.9, -21.8],
				"rotation": [137.5, -10, 0],
				"cubes": [
					{"origin": [-16.7, 91.5, -44.2], "size": [8.4, 5.6, 17.3], "uv": [65, 30]},
					{"origin": [-18.7, 96.1, -44.2], "size": [10.4, 0, 10.3], "uv": [117, 32]}
				]
			},
			{
				"name": "bone31",
				"parent": "bone2",
				"pivot": [13, 94.9, -21.8],
				"rotation": [137.5, 10, 0],
				"cubes": [
					{"origin": [7.3, 96.1, -44.2], "size": [10.4, 0, 10.3], "uv": [12, 118]},
					{"origin": [7.3, 92.5, -44.2], "size": [8.4, 4.6, 17.3], "uv": [69, 69]}
				]
			},
			{
				"name": "bone20",
				"parent": "bone2",
				"pivot": [14.2, 65.4, -8.9],
				"rotation": [55, -17.5, 30],
				"cubes": [
					{"origin": [-0.2, 63, -19.6], "size": [8, 3.9, 13.6], "uv": [98, 29]}
				]
			},
			{
				"name": "bone47",
				"parent": "bone2",
				"pivot": [12.1, 46.3, -19.7],
				"rotation": [27.5, 17.5, 42.5],
				"cubes": [
					{"origin": [-2.3, 45.9, -24.4], "size": [8, 2.9, 8.6], "uv": [136, 109]}
				]
			},
			{
				"name": "bone16",
				"parent": "bone2",
				"pivot": [2.7, 59.1, -13.7],
				"rotation": [27.5, -17.5, -42.5],
				"cubes": [
					{"origin": [-11.7, 58.7, -18.4], "size": [8, 2.9, 8.6], "uv": [132, 42]}
				]
			},
			{
				"name": "bone15",
				"parent": "bone2",
				"pivot": [0, 56.4, -10.1],
				"rotation": [5, 0, 0],
				"cubes": [
					{"origin": [-6.9, 45.4, -18.5], "size": [13.8, 12, 9.4], "uv": [71, 90]}
				]
			},
			{
				"name": "bone9",
				"parent": "bone2",
				"pivot": [0, 61.1, -25.9],
				"rotation": [32.5, 0, 0],
				"cubes": [
					{"origin": [-6.7, 50.3, -34.2], "size": [13.4, 12.3, 9.3], "uv": [0, 94]}
				]
			},
			{
				"name": "bone7",
				"parent": "bone2",
				"pivot": [0, 63.3, -17.1],
				"rotation": [12.5, 0, 0],
				"cubes": [
					{"origin": [-7, 51.9, -25.8], "size": [14, 12.9, 10.6], "uv": [0, 71]}
				]
			},
			{
				"name": "bone23",
				"parent": "bone2",
				"pivot": [0, 71.4, -13.7],
				"rotation": [55, 0, 0],
				"cubes": [
					{"origin": [-3.8, 70, -24.4], "size": [7.6, 2.9, 14.6], "uv": [101, 101]}
				]
			},
			{
				"name": "bone30",
				"parent": "bone2",
				"pivot": [0, 84.4, -10.6],
				"rotation": [82.5, 0, 0],
				"cubes": [
					{"origin": [-3.8, 83, -21.3], "size": [7.6, 2.9, 9.6], "uv": [23, 136]}
				]
			},
			{
				"name": "bone29",
				"parent": "bone2",
				"pivot": [0, 81.8, -10],
				"rotation": [-52.5, 0, 0],
				"cubes": [
					{"origin": [-3.8, 80.4, -29.7], "size": [7.6, 1.9, 18.6], "uv": [30, 75]}
				]
			},
			{
				"name": "bone19",
				"parent": "bone2",
				"pivot": [0, 67, -7],
				"rotation": [20, 0, 0],
				"cubes": [
					{"origin": [-6.6, 56, -16.9], "size": [13.2, 12.5, 6.1], "uv": [67, 112]}
				]
			},
			{
				"name": "bone8",
				"parent": "bone2",
				"pivot": [0, 56.2, -32.8],
				"rotation": [55, 0, 0],
				"cubes": [
					{"origin": [-6, 37.7, -41.7], "size": [12, 20, 9.9], "uv": [70, 0]}
				]
			},
			{
				"name": "bone25",
				"parent": "bone2",
				"pivot": [0, 59.2, -33.7],
				"rotation": [42.5, 0, 0],
				"cubes": [
					{"origin": [-3, 56.3, -42.3], "size": [6, 5, 7.7], "uv": [48, 140]}
				]
			},
			{
				"name": "bone27",
				"parent": "bone2",
				"pivot": [0, 60.7, -34.1],
				"rotation": [22.5, 0, 0],
				"cubes": [
					{"origin": [-2.7, 58.1, -43], "size": [5.4, 9.5, 2.9], "uv": [112, 0]}
				]
			},
			{
				"name": "bone28",
				"parent": "bone2",
				"pivot": [0, 65.8, -34.1],
				"rotation": [57.5, 0, 0],
				"cubes": [
					{"origin": [-2.4, 70.1, -42], "size": [4.8, 2, 2.6], "uv": [70, 29]},
					{"origin": [-2.6, 62.9, -45.4], "size": [5.2, 4.3, 6], "uv": [143, 78]},
					{"origin": [-2.5, 67.2, -43], "size": [5, 2.9, 3.6], "uv": [35, 94]}
				]
			},
			{
				"name": "bone26",
				"parent": "bone2",
				"pivot": [0, 61.2, -33.7],
				"rotation": [85, 0, 0],
				"cubes": [
					{"origin": [-2.7, 56.5, -42.6], "size": [5.4, 6.8, 8], "uv": [138, 63]}
				]
			},
			{
				"name": "bone21",
				"parent": "bone2",
				"pivot": [0, 68.2, -19.7],
				"rotation": [85, 0, 0],
				"cubes": [
					{"origin": [-1.5, 64.5, -21], "size": [3, 4.8, 1.4], "uv": [70, 33]}
				]
			},
			{
				"name": "bone18",
				"parent": "bone2",
				"pivot": [0, 65.9, -22.3],
				"rotation": [67.5, 0, 0],
				"cubes": [
					{"origin": [-1.5, 62.2, -23.6], "size": [3, 4.8, 1.4], "uv": [0, 47]}
				]
			},
			{
				"name": "bone22",
				"parent": "bone2",
				"pivot": [0, 67.2, -19.4],
				"rotation": [50, 0, 0],
				"cubes": [
					{"origin": [-1.5, 63.5, -20.5], "size": [3, 4.7, 1.2], "uv": [69, 0]}
				]
			},
			{
				"name": "bone17",
				"parent": "bone2",
				"pivot": [0, 65, -22.3],
				"rotation": [37.5, 0, 0],
				"cubes": [
					{"origin": [-1.5, 61.3, -23.4], "size": [3, 4.7, 1.5], "uv": [12, 47]}
				]
			},
			{
				"name": "bone12",
				"parent": "bone2",
				"pivot": [0, 56.2, -25.7],
				"rotation": [37.5, 0, 0],
				"cubes": [
					{"origin": [-5.9, 37.5, -34.6], "size": [11.8, 4.2, 9.9], "uv": [105, 117]}
				]
			},
			{
				"name": "bone14",
				"parent": "bone2",
				"pivot": [0, 60.6, -14.6],
				"rotation": [20, 0, 0],
				"cubes": [
					{"origin": [-6.5, 41.9, -23.5], "size": [13, 4.2, 9.9], "uv": [102, 71]}
				]
			},
			{
				"name": "bone10",
				"parent": "bone2",
				"pivot": [0, 49.7, -36.6],
				"rotation": [117.5, 0, 0],
				"cubes": [
					{"origin": [-5, 45.2, -44.6], "size": [10, 6.9, 9.2], "uv": [36, 121]}
				]
			},
			{
				"name": "bone11",
				"parent": "bone2",
				"pivot": [0, 48.5, -33.2],
				"rotation": [90, 0, 0],
				"cubes": [
					{"origin": [-5.1, 37, -41.4], "size": [10.2, 13.9, 4.2], "uv": [131, 131]}
				]
			},
			{
				"name": "bone",
				"parent": "bone2",
				"pivot": [0, 44.4, -35.9],
				"rotation": [127.5, 0, 0],
				"cubes": [
					{"origin": [-4, 37.7, -43], "size": [8, 8.8, 3.5], "uv": [96, 143]}
				]
			},
			{
				"name": "bone4",
				"parent": "bone2",
				"pivot": [0, 40.7, -35.9],
				"rotation": [157.5, 0, 0],
				"cubes": [
					{"origin": [-3.8, 34, -43.8], "size": [7.6, 8.6, 4.2], "uv": [74, 140]}
				]
			},
			{
				"name": "bone6",
				"parent": "bone2",
				"pivot": [0, 37.4, -30],
				"rotation": [-175, 0, 0],
				"cubes": [
					{"origin": [-3.9, 33.5, -38.9], "size": [7.8, 6.1, 3.8], "uv": [0, 58]}
				]
			},
			{
				"name": "bone5",
				"parent": "bone2",
				"pivot": [0, 39.8, -34.1],
				"rotation": [170, 0, 0],
				"cubes": [
					{"origin": [-3.7, 35.9, -44.1], "size": [7.4, 6.3, 4.9], "uv": [0, 144]}
				]
			},
			{
				"name": "bone13",
				"parent": "bone2",
				"pivot": [0, 53.8, -21.2],
				"rotation": [37.5, 0, 0],
				"cubes": [
					{"origin": [-6.6, 42.8, -29.6], "size": [13.2, 10.5, 9.4], "uv": [102, 52]}
				]
			},
			{
				"name": "bone48",
				"pivot": [0, 29, 0],
				"cubes": [
					{"origin": [-9, 1, -8], "size": [18, 30, 17], "uv": [0, 0]},
					{"origin": [-11, 0, -10], "size": [22, 3, 21], "uv": [0, 47]},
					{"origin": [-11, 29, -10], "size": [22, 3, 21], "uv": [0, 47]}
				]
			}
		]
	}
}